{
	"materials": [
	{
		"mapDiffuse": "textures/sky4.jpg",
		"mapDiffuseWrap": ["repeat", "repeat"]
	} ],
	"vertices": [-520,-424,0,-496,-472,0,-520,-472,0,-496,-424,0,-496,-472,48,-520,-472,48,-496,-424,48,-520,-424,48],
	"uvs": [[-2.03125,-2.3125,-1.9375,-2.6875,-2.03125,-2.6875,-2.03125,-2.3125,-1.9375,-2.3125,-1.9375,-2.6875,-1.9375,1.375,-2.03125,1,-1.9375,1,-1.9375,1.375,-2.03125,1.375,-2.03125,1,-2.03125,-2.6875,-1.9375,-2.3125,-2.03125,-2.3125,-2.03125,-2.6875,-1.9375,-2.6875,-1.9375,-2.3125,-2.03125,1.375,-1.9375,1,-2.03125,1,-2.03125,1.375,-1.9375,1.375,-1.9375,1,-1.65625,1.375,-1.84375,1,-1.65625,1,-1.65625,1.375,-1.84375,1.375,-1.84375,1,-1.84375,1.375,-1.65625,1,-1.84375,1,-1.84375,1.375,-1.65625,1.375,-1.65625,1],[]],
	"faces": [10,0,1,2,0,0,1,2,10,0,3,1,0,3,4,5,10,4,2,1,0,6,7,8,10,4,5,2,0,9,10,11,10,5,6,7,0,12,13,14,10,5,4,6,0,15,16,17,10,7,3,0,0,18,19,20,10,7,6,3,0,21,22,23,10,6,1,3,0,24,25,26,10,6,4,1,0,27,28,29,10,5,0,2,0,30,31,32,10,5,7,0,0,33,34,35]
}
