{
	"materials": [
	{
		"mapDiffuse": "textures/sky4.jpg",
		"mapDiffuseWrap": ["repeat", "repeat"]
	} ],
	"vertices": [1168,-880,16,1192,-880,-16,1168,-880,-16,1192,-880,16,1192,-928,16,1168,-928,-16,1192,-928,-16,1168,-928,16],
	"uvs": [[4.5625,1.125,4.65625,0.875,4.5625,0.875,4.5625,1.125,4.65625,1.125,4.65625,0.875,4.65625,1.125,4.5625,0.875,4.65625,0.875,4.65625,1.125,4.5625,1.125,4.5625,0.875,4.5625,-6.25,4.65625,-5.875,4.5625,-5.875,4.5625,-6.25,4.65625,-6.25,4.65625,-5.875,4.5625,-5.875,4.65625,-6.25,4.5625,-6.25,4.5625,-5.875,4.65625,-5.875,4.65625,-6.25,-3.625,1.125,-3.4375,0.875,-3.625,0.875,-3.625,1.125,-3.4375,1.125,-3.4375,0.875,-3.4375,1.125,-3.625,0.875,-3.4375,0.875,-3.4375,1.125,-3.625,1.125,-3.625,0.875],[]],
	"faces": [10,0,1,2,0,0,1,2,10,0,3,1,0,3,4,5,10,4,5,6,0,6,7,8,10,4,7,5,0,9,10,11,10,7,3,0,0,12,13,14,10,7,4,3,0,15,16,17,10,2,6,5,0,18,19,20,10,2,1,6,0,21,22,23,10,7,2,5,0,24,25,26,10,7,0,2,0,27,28,29,10,3,6,1,0,30,31,32,10,3,4,6,0,33,34,35]
}
