{
	"materials": [
	{
		"mapDiffuse": "textures/trigger.jpg",
		"mapDiffuseWrap": ["repeat", "repeat"]
	} ],
	"vertices": [2144,-480,342,2072,-480,326,2144,-480,326,2072,-480,342,1848,-480,342,1848,-480,326,2072,-24,326,2144,-24,342,2144,-24,326,2072,-24,342,1848,-24,342,1848,-24,326,2144,-256,326,2144,-256,342,1848,-256,326,1848,-256,342,2144,-248,342,2072,-248,342,1848,-248,342,2144,-248,326,2072,-248,326,1848,-248,326],
	"uvs": [[33.5,6.34375,32.375,6.09375,33.5,6.09375,33.5,6.34375,32.375,6.34375,32.375,6.09375,32.375,6.09375,28.875,6.34375,28.875,6.09375,32.375,6.09375,32.375,6.34375,28.875,6.34375,32.375,6.09375,33.5,6.34375,33.5,6.09375,32.375,6.09375,32.375,6.34375,33.5,6.34375,28.875,6.34375,32.375,6.09375,28.875,6.09375,28.875,6.34375,32.375,6.34375,32.375,6.09375,-0.375,6.34375,-4,6.09375,-0.375,6.09375,-0.375,6.34375,-4,6.34375,-4,6.09375,-4,6.09375,-7.5,6.34375,-7.5,6.09375,-4,6.09375,-4,6.34375,-7.5,6.34375,-4,6.09375,-0.375,6.34375,-0.375,6.09375,-4,6.09375,-4,6.34375,-0.375,6.34375,-7.5,6.34375,-4,6.09375,-7.5,6.09375,-7.5,6.34375,-4,6.34375,-4,6.09375,33.5,-2.875,32.375,-6.5,33.5,-6.5,33.5,-2.875,32.375,-2.875,32.375,-6.5,32.375,0.625,33.5,-2.875,33.5,0.625,32.375,0.625,32.375,-2.875,33.5,-2.875,28.875,-6.5,32.375,-2.875,28.875,-2.875,28.875,-6.5,32.375,-6.5,32.375,-2.875,28.875,-2.875,32.375,0.625,28.875,0.625,28.875,-2.875,32.375,-2.875,32.375,0.625,32.375,-6.5,33.5,-2.875,33.5,-6.5,32.375,-6.5,32.375,-2.875,33.5,-2.875,33.5,-2.875,32.375,0.625,33.5,0.625,33.5,-2.875,32.375,-2.875,32.375,0.625,28.875,-2.875,32.375,-6.5,28.875,-6.5,28.875,-2.875,32.375,-2.875,32.375,-6.5,28.875,0.625,32.375,-2.875,28.875,-2.875,28.875,0.625,32.375,0.625,32.375,-2.875],[]],
	"faces": [10,0,1,2,0,0,1,2,10,0,3,1,0,3,4,5,10,1,4,5,0,6,7,8,10,1,3,4,0,9,10,11,10,6,7,8,0,12,13,14,10,6,9,7,0,15,16,17,10,10,6,11,0,18,19,20,10,10,9,6,0,21,22,23,10,7,12,8,0,24,25,26,10,7,13,12,0,27,28,29,10,12,0,2,0,30,31,32,10,12,13,0,0,33,34,35,10,14,10,11,0,36,37,38,10,14,15,10,0,39,40,41,10,4,14,5,0,42,43,44,10,4,15,14,0,45,46,47,10,16,3,0,0,48,49,50,10,16,17,3,0,51,52,53,10,9,16,7,0,54,55,56,10,9,17,16,0,57,58,59,10,4,17,18,0,60,61,62,10,4,3,17,0,63,64,65,10,18,9,10,0,66,67,68,10,18,17,9,0,69,70,71,10,1,19,2,0,72,73,74,10,1,20,19,0,75,76,77,10,19,6,8,0,78,79,80,10,19,20,6,0,81,82,83,10,21,1,5,0,84,85,86,10,21,20,1,0,87,88,89,10,11,20,21,0,90,91,92,10,11,6,20,0,93,94,95]
}
