{
	"materials": [
	{
		"mapDiffuse": "textures/wbrick1_5.jpg",
		"mapDiffuseWrap": ["repeat", "repeat"]
	} ],
	"vertices": [490,-1024,448,476,-1024,416,490,-1024,416,476,-1024,448,476,-960,448,490,-960,416,476,-960,416,490,-960,448],
	"uvs": [[7.65625,8,7.4375,7.5,7.65625,7.5,7.65625,8,7.4375,8,7.4375,7.5,7.4375,8,7.65625,7.5,7.4375,7.5,7.4375,8,7.65625,8,7.65625,7.5,7.4375,-15,7.65625,-14,7.4375,-14,7.4375,-15,7.65625,-15,7.65625,-14,7.4375,-14,7.65625,-15,7.4375,-15,7.4375,-14,7.65625,-14,7.65625,-15,-15,8,-16,7.5,-15,7.5,-15,8,-16,8,-16,7.5,-16,8,-15,7.5,-16,7.5,-16,8,-15,8,-15,7.5],[]],
	"faces": [10,0,1,2,0,0,1,2,10,0,3,1,0,3,4,5,10,4,5,6,0,6,7,8,10,4,7,5,0,9,10,11,10,3,7,4,0,12,13,14,10,3,0,7,0,15,16,17,10,6,2,1,0,18,19,20,10,6,5,2,0,21,22,23,10,7,2,5,0,24,25,26,10,7,0,2,0,27,28,29,10,3,6,1,0,30,31,32,10,3,4,6,0,33,34,35]
}
