{
	"materials": [
	{
		"mapDiffuse": "textures/+0shoot.jpg",
		"mapDiffuseWrap": ["repeat", "repeat"]
	} ],
	"vertices": [1544,-528,304,1548,-576,304,1544,-576,304,1548,-528,304,1544,-576,352,1548,-528,352,1544,-528,352,1548,-576,352],
	"uvs": [[32.166668,-10.333333,32.25,-11.333333,32.166668,-11.333333,32.166668,-10.333333,32.25,-10.333333,32.25,-11.333333,32.166668,-11.333333,32.25,-10.333333,32.166668,-10.333333,32.166668,-11.333333,32.25,-11.333333,32.25,-10.333333,32.25,8,32.166668,7,32.25,7,32.25,8,32.166668,8,32.166668,7,32.166668,8,32.25,7,32.166668,7,32.166668,8,32.25,8,32.25,7,-12,8,-11,7,-12,7,-12,8,-11,8,-11,7,-11,8,-12,7,-11,7,-11,8,-12,8,-12,7],[]],
	"faces": [10,0,1,2,0,0,1,2,10,0,3,1,0,3,4,5,10,4,5,6,0,6,7,8,10,4,7,5,0,9,10,11,10,7,2,1,0,12,13,14,10,7,4,2,0,15,16,17,10,6,3,0,0,18,19,20,10,6,5,3,0,21,22,23,10,4,0,2,0,24,25,26,10,4,6,0,0,27,28,29,10,5,1,3,0,30,31,32,10,5,7,1,0,33,34,35]
}
