{
	"materials": [
	{
		"mapDiffuse": "textures/trigger.jpg",
		"mapDiffuseWrap": ["repeat", "repeat"]
	} ],
	"vertices": [1176,1624,302,1176,1632,238,1176,1624,238,1176,1632,302,1816,1632,302,1816,1624,238,1816,1632,238,1816,1624,302,1624,1632,302,1624,1624,302,1400,1632,302,1400,1624,302,1624,1624,238,1624,1632,238,1400,1624,238,1400,1632,238],
	"uvs": [[25.375,5.71875,25.5,4.71875,25.375,4.71875,25.375,5.71875,25.5,5.71875,25.5,4.71875,25.5,5.71875,25.375,4.71875,25.5,4.71875,25.5,5.71875,25.375,5.71875,25.375,4.71875,25.375,26.5,28.375,26.375,28.375,26.5,25.375,26.5,25.375,26.375,28.375,26.375,21.875,26.5,25.375,26.375,25.375,26.5,21.875,26.5,21.875,26.375,25.375,26.375,18.375,26.375,21.875,26.5,18.375,26.5,18.375,26.375,21.875,26.375,21.875,26.5,25.375,26.375,28.375,26.5,28.375,26.375,25.375,26.375,25.375,26.5,28.375,26.5,21.875,26.375,25.375,26.5,25.375,26.375,21.875,26.375,21.875,26.5,25.375,26.5,18.375,26.5,21.875,26.375,18.375,26.375,18.375,26.5,21.875,26.5,21.875,26.375,25.375,4.71875,28.375,5.71875,28.375,4.71875,25.375,4.71875,25.375,5.71875,28.375,5.71875,21.875,4.71875,25.375,5.71875,25.375,4.71875,21.875,4.71875,21.875,5.71875,25.375,5.71875,18.375,5.71875,21.875,4.71875,18.375,4.71875,18.375,5.71875,21.875,5.71875,21.875,4.71875,28.375,5.71875,25.375,4.71875,28.375,4.71875,28.375,5.71875,25.375,5.71875,25.375,4.71875,25.375,4.71875,21.875,5.71875,21.875,4.71875,25.375,4.71875,25.375,5.71875,21.875,5.71875,21.875,4.71875,18.375,5.71875,18.375,4.71875,21.875,4.71875,21.875,5.71875,18.375,5.71875],[]],
	"faces": [10,0,1,2,0,0,1,2,10,0,3,1,0,3,4,5,10,4,5,6,0,6,7,8,10,4,7,5,0,9,10,11,10,8,7,4,0,12,13,14,10,8,9,7,0,15,16,17,10,10,9,8,0,18,19,20,10,10,11,9,0,21,22,23,10,0,10,3,0,24,25,26,10,0,11,10,0,27,28,29,10,12,6,5,0,30,31,32,10,12,13,6,0,33,34,35,10,14,13,12,0,36,37,38,10,14,15,13,0,39,40,41,10,1,14,2,0,42,43,44,10,1,15,14,0,45,46,47,10,13,4,6,0,48,49,50,10,13,8,4,0,51,52,53,10,15,8,13,0,54,55,56,10,15,10,8,0,57,58,59,10,3,15,1,0,60,61,62,10,3,10,15,0,63,64,65,10,7,12,5,0,66,67,68,10,7,9,12,0,69,70,71,10,12,11,14,0,72,73,74,10,12,9,11,0,75,76,77,10,14,0,2,0,78,79,80,10,14,11,0,0,81,82,83]
}
