{
	"materials": [
	{
		"mapDiffuse": "textures/trigger.jpg",
		"mapDiffuseWrap": ["repeat", "repeat"]
	} ],
	"vertices": [-438,302,404,-402,306,404,-418,322,404,-422,286,404,-422,286,308,-418,322,308,-402,306,308,-438,302,308],
	"uvs": [[-6.84375,5.71875,-6.28125,5.78125,-6.53125,6.03125,-6.84375,5.71875,-6.59375,5.46875,-6.28125,5.78125,-6.59375,5.46875,-6.53125,6.03125,-6.28125,5.78125,-6.59375,5.46875,-6.84375,5.71875,-6.53125,6.03125,4.46875,7.3125,4.71875,5.8125,4.46875,5.8125,4.46875,7.3125,4.71875,7.3125,4.71875,5.8125,4.71875,7.3125,5.03125,5.8125,4.71875,5.8125,4.71875,7.3125,5.03125,7.3125,5.03125,5.8125,4.78125,7.3125,4.46875,5.8125,4.78125,5.8125,4.78125,7.3125,4.46875,7.3125,4.46875,5.8125,5.03125,7.3125,4.78125,5.8125,5.03125,5.8125,5.03125,7.3125,4.78125,7.3125,4.78125,5.8125],[]],
	"faces": [10,0,1,2,0,0,1,2,10,0,3,1,0,3,4,5,10,4,5,6,0,6,7,8,10,4,7,5,0,9,10,11,10,3,7,4,0,12,13,14,10,3,0,7,0,15,16,17,10,0,5,7,0,18,19,20,10,0,2,5,0,21,22,23,10,1,4,6,0,24,25,26,10,1,3,4,0,27,28,29,10,2,6,5,0,30,31,32,10,2,1,6,0,33,34,35]
}
