{
	"materials": [
	{
		"mapDiffuse": "textures/trigger.jpg",
		"mapDiffuseWrap": ["repeat", "repeat"]
	} ],
	"vertices": [992,-696,337,768,-696,321,992,-696,321,768,-696,337,768,-288,337,992,-288,321,768,-288,321,992,-288,337,768,-472,321,768,-472,337,992,-472,321,992,-472,337,992,-512,337,768,-512,337,768,-512,321,992,-512,321],
	"uvs": [[15.5,6.265625,12,6.015625,15.5,6.015625,15.5,6.265625,12,6.265625,12,6.015625,12,6.265625,15.5,6.015625,12,6.015625,12,6.265625,15.5,6.265625,15.5,6.015625,-7.375,6.015625,-4.5,6.265625,-4.5,6.015625,-7.375,6.015625,-7.375,6.265625,-4.5,6.265625,-10.875,6.265625,-7.375,6.015625,-10.875,6.015625,-10.875,6.265625,-7.375,6.265625,-7.375,6.015625,-4.5,6.265625,-7.375,6.015625,-4.5,6.015625,-4.5,6.265625,-7.375,6.265625,-7.375,6.015625,-7.375,6.015625,-10.875,6.265625,-10.875,6.015625,-7.375,6.015625,-7.375,6.265625,-10.875,6.265625,12,-9.875,15.5,-7,12,-7,12,-9.875,15.5,-9.875,15.5,-7,12,-7,15.5,-3.5,12,-3.5,12,-7,15.5,-7,15.5,-3.5,12,-7,15.5,-9.875,12,-9.875,12,-7,15.5,-7,15.5,-9.875,12,-3.5,15.5,-7,12,-7,12,-3.5,15.5,-3.5,15.5,-7],[]],
	"faces": [10,0,1,2,0,0,1,2,10,0,3,1,0,3,4,5,10,4,5,6,0,6,7,8,10,4,7,5,0,9,10,11,10,8,4,6,0,12,13,14,10,8,9,4,0,15,16,17,10,3,8,1,0,18,19,20,10,3,9,8,0,21,22,23,10,7,10,5,0,24,25,26,10,7,11,10,0,27,28,29,10,10,0,2,0,30,31,32,10,10,11,0,0,33,34,35,10,3,12,13,0,36,37,38,10,3,0,12,0,39,40,41,10,13,7,4,0,42,43,44,10,13,12,7,0,45,46,47,10,14,2,1,0,48,49,50,10,14,15,2,0,51,52,53,10,6,15,14,0,54,55,56,10,6,5,15,0,57,58,59]
}
