{
	"materials": [
	{
		"mapDiffuse": "textures/wbrick1_5.jpg",
		"mapDiffuseWrap": ["repeat", "repeat"]
	} ],
	"vertices": [1880,-896,304,1912,-816,304,1880,-816,304,1912,-896,304,1880,-816,169,1912,-896,169,1880,-896,169,1912,-816,169],
	"uvs": [[29.375,-13,29.875,-11.75,29.375,-11.75,29.375,-13,29.875,-13,29.875,-11.75,29.375,-11.75,29.875,-13,29.375,-13,29.375,-11.75,29.875,-11.75,29.875,-13,29.875,5.75,29.375,3.640625,29.875,3.640625,29.875,5.75,29.375,5.75,29.375,3.640625,29.375,5.75,29.875,3.640625,29.375,3.640625,29.375,5.75,29.875,5.75,29.875,3.640625,-14,5.75,-12.75,3.640625,-14,3.640625,-14,5.75,-12.75,5.75,-12.75,3.640625,-12.75,5.75,-14,3.640625,-12.75,3.640625,-12.75,5.75,-14,5.75,-14,3.640625],[]],
	"faces": [10,0,1,2,0,0,1,2,10,0,3,1,0,3,4,5,10,4,5,6,0,6,7,8,10,4,7,5,0,9,10,11,10,3,6,5,0,12,13,14,10,3,0,6,0,15,16,17,10,2,7,4,0,18,19,20,10,2,1,7,0,21,22,23,10,0,4,6,0,24,25,26,10,0,2,4,0,27,28,29,10,1,5,7,0,30,31,32,10,1,3,5,0,33,34,35]
}
