{
	"materials": [
	{
		"mapDiffuse": "textures/wbrick1_5.jpg",
		"mapDiffuseWrap": ["repeat", "repeat"]
	} ],
	"vertices": [-248,776,447,-136,824,447,-248,824,447,-136,776,447,-136,776,335,-136,824,335,-248,824,335,-248,776,335],
	"uvs": [[-3.875,13.125,-2.125,13.875,-3.875,13.875,-3.875,13.125,-2.125,13.125,-2.125,13.875,12.875,7.984375,12.125,6.234375,12.875,6.234375,12.875,7.984375,12.125,7.984375,12.125,6.234375,-3.875,13.875,-2.125,13.125,-3.875,13.125,-3.875,13.875,-2.125,13.875,-2.125,13.125,12.125,7.984375,12.875,6.234375,12.125,6.234375,12.125,7.984375,12.875,7.984375,12.875,6.234375,-2.125,7.984375,-3.875,6.234375,-2.125,6.234375,-2.125,7.984375,-3.875,7.984375,-3.875,6.234375,-3.875,7.984375,-2.125,6.234375,-3.875,6.234375,-3.875,7.984375,-2.125,7.984375,-2.125,6.234375],[]],
	"faces": [10,0,1,2,0,0,1,2,10,0,3,1,0,3,4,5,10,1,4,5,0,6,7,8,10,1,3,4,0,9,10,11,10,6,4,7,0,12,13,14,10,6,5,4,0,15,16,17,10,0,6,7,0,18,19,20,10,0,2,6,0,21,22,23,10,3,7,4,0,24,25,26,10,3,0,7,0,27,28,29,10,2,5,6,0,30,31,32,10,2,1,5,0,33,34,35]
}
