{
	"materials": [
	{
		"mapDiffuse": "textures/+1shoot.jpg",
		"mapDiffuseWrap": ["repeat", "repeat"]
	} ],
	"vertices": [-832,-1216,128,-824,-1216,80,-832,-1216,80,-824,-1216,128,-824,-1264,80,-832,-1264,80,-824,-1264,128,-832,-1264,128],
	"uvs": [[-17,4,-16.833334,3,-17,3,-17,4,-16.833334,4,-16.833334,3,-17,-24,-16.833334,-25,-17,-25,-17,-24,-16.833334,-24,-16.833334,-25,-16.833334,4,-17,3,-16.833334,3,-16.833334,4,-17,4,-17,3,-17,-25,-16.833334,-24,-17,-24,-17,-25,-16.833334,-25,-16.833334,-24,-26,4,-25,3,-26,3,-26,4,-25,4,-25,3,-25,4,-26,3,-25,3,-25,4,-26,4,-26,3],[]],
	"faces": [10,0,1,2,0,0,1,2,10,0,3,1,0,3,4,5,10,2,4,5,0,6,7,8,10,2,1,4,0,9,10,11,10,6,5,4,0,12,13,14,10,6,7,5,0,15,16,17,10,7,3,0,0,18,19,20,10,7,6,3,0,21,22,23,10,7,2,5,0,24,25,26,10,7,0,2,0,27,28,29,10,3,4,1,0,30,31,32,10,3,6,4,0,33,34,35]
}
