{
	"materials": [
	{
		"mapDiffuse": "textures/wswamp2_1.jpg",
		"mapDiffuseWrap": ["repeat", "repeat"]
	} ],
	"vertices": [592,-1344,-74,608,-1456,-74,592,-1456,-74,608,-1344,-74,592,-1456,40,608,-1344,40,592,-1344,40,608,-1456,40],
	"uvs": [[9.25,-20,9.5,-21.75,9.25,-21.75,9.25,-20,9.5,-20,9.5,-21.75,9.25,-21.75,9.5,-20,9.25,-20,9.25,-21.75,9.5,-21.75,9.5,-20,9.25,1.625,9.5,-0.15625,9.25,-0.15625,9.25,1.625,9.5,1.625,9.5,-0.15625,9.5,1.625,9.25,-0.15625,9.5,-0.15625,9.5,1.625,9.25,1.625,9.25,-0.15625,-22.75,1.625,-21,-0.15625,-22.75,-0.15625,-22.75,1.625,-21,1.625,-21,-0.15625,-21,1.625,-22.75,-0.15625,-21,-0.15625,-21,1.625,-22.75,1.625,-22.75,-0.15625],[]],
	"faces": [10,0,1,2,0,0,1,2,10,0,3,1,0,3,4,5,10,4,5,6,0,6,7,8,10,4,7,5,0,9,10,11,10,6,3,0,0,12,13,14,10,6,5,3,0,15,16,17,10,7,2,1,0,18,19,20,10,7,4,2,0,21,22,23,10,4,0,2,0,24,25,26,10,4,6,0,0,27,28,29,10,5,1,3,0,30,31,32,10,5,7,1,0,33,34,35]
}
