{
	"materials": [
	{
		"mapDiffuse": "textures/+0button.jpg",
		"mapDiffuseWrap": ["repeat", "repeat"]
	} ],
	"vertices": [1344,580,-128,1376,564,-128,1344,564,-128,1376,580,-128,1376,580,-96,1376,564,-96,1344,564,-96,1344,580,-96],
	"uvs": [[28.166666,12.916667,28.833334,12.583333,28.166666,12.583333,28.166666,12.916667,28.833334,12.916667,28.833334,12.583333,12.25,-1.1666667,11.916667,-1.8333333,12.25,-1.8333333,12.25,-1.1666667,11.916667,-1.1666667,11.916667,-1.8333333,11.916667,-1.1666667,12.25,-1.8333333,11.916667,-1.8333333,11.916667,-1.1666667,12.25,-1.1666667,12.25,-1.8333333,28.166666,12.583333,28.833334,12.916667,28.166666,12.916667,28.166666,12.583333,28.833334,12.583333,28.833334,12.916667,28.166666,-1.1666667,28.833334,-1.8333333,28.166666,-1.8333333,28.166666,-1.1666667,28.833334,-1.1666667,28.833334,-1.8333333,28.833334,-1.1666667,28.166666,-1.8333333,28.833334,-1.8333333,28.833334,-1.1666667,28.166666,-1.1666667,28.166666,-1.8333333],[]],
	"faces": [10,0,1,2,0,0,1,2,10,0,3,1,0,3,4,5,10,4,1,3,0,6,7,8,10,4,5,1,0,9,10,11,10,6,0,2,0,12,13,14,10,6,7,0,0,15,16,17,10,6,4,7,0,18,19,20,10,6,5,4,0,21,22,23,10,7,3,0,0,24,25,26,10,7,4,3,0,27,28,29,10,5,2,1,0,30,31,32,10,5,6,2,0,33,34,35]
}
