{
	"materials": [
	{
		"mapDiffuse": "textures/wgrnd1_5.jpg",
		"mapDiffuseWrap": ["repeat", "repeat"]
	} ],
	"vertices": [-840,-8,-394,-840,-120,-496,-840,-8,-496,-840,-120,-394,-960,-120,-394,-960,-8,-496,-960,-120,-496,-960,-8,-394],
	"uvs": [[-0.125,-5.15625,-1.875,-6.75,-0.125,-6.75,-0.125,-5.15625,-1.875,-5.15625,-1.875,-6.75,-1.875,-5.15625,-0.125,-6.75,-1.875,-6.75,-1.875,-5.15625,-0.125,-5.15625,-0.125,-6.75,-13.125,-5.15625,-15,-6.75,-13.125,-6.75,-13.125,-5.15625,-15,-5.15625,-15,-6.75,-15,-5.15625,-13.125,-6.75,-15,-6.75,-15,-5.15625,-13.125,-5.15625,-13.125,-6.75,-15,0.875,-13.125,-0.875,-15,-0.875,-15,0.875,-13.125,0.875,-13.125,-0.875,-15,-0.875,-13.125,0.875,-15,0.875,-15,-0.875,-13.125,-0.875,-13.125,0.875],[]],
	"faces": [10,0,1,2,0,0,1,2,10,0,3,1,0,3,4,5,10,4,5,6,0,6,7,8,10,4,7,5,0,9,10,11,10,3,6,1,0,12,13,14,10,3,4,6,0,15,16,17,10,7,2,5,0,18,19,20,10,7,0,2,0,21,22,23,10,5,1,6,0,24,25,26,10,5,2,1,0,27,28,29,10,4,0,7,0,30,31,32,10,4,3,0,0,33,34,35]
}
