{
	"materials": [
	{
		"mapDiffuse": "textures/trigger.jpg",
		"mapDiffuseWrap": ["repeat", "repeat"]
	} ],
	"vertices": [-1136,248,2,-1104,280,2,-1136,280,2,-1104,248,2,-1136,280,-54,-1104,248,-54,-1136,248,-54,-1104,280,-54],
	"uvs": [[-17.75,4.875,-17.25,5.375,-17.75,5.375,-17.75,4.875,-17.25,4.875,-17.25,5.375,-17.75,5.375,-17.25,4.875,-17.75,4.875,-17.75,5.375,-17.25,5.375,-17.25,4.875,-17.25,1.03125,-17.75,0.15625,-17.25,0.15625,-17.25,1.03125,-17.75,1.03125,-17.75,0.15625,3.875,1.03125,4.375,0.15625,3.875,0.15625,3.875,1.03125,4.375,1.03125,4.375,0.15625,-17.75,1.03125,-17.25,0.15625,-17.75,0.15625,-17.75,1.03125,-17.25,1.03125,-17.25,0.15625,4.375,1.03125,3.875,0.15625,4.375,0.15625,4.375,1.03125,3.875,1.03125,3.875,0.15625],[]],
	"faces": [10,0,1,2,0,0,1,2,10,0,3,1,0,3,4,5,10,4,5,6,0,6,7,8,10,4,7,5,0,9,10,11,10,3,6,5,0,12,13,14,10,3,0,6,0,15,16,17,10,0,4,6,0,18,19,20,10,0,2,4,0,21,22,23,10,2,7,4,0,24,25,26,10,2,1,7,0,27,28,29,10,1,5,7,0,30,31,32,10,1,3,5,0,33,34,35]
}
