{
	"materials": [
	{
		"mapDiffuse": "textures/wgrnd1_5.jpg",
		"mapDiffuseWrap": ["repeat", "repeat"]
	} ],
	"vertices": [-1296,-584,-394,-1296,-472,-396,-1296,-584,-396,-1296,-472,-394,-1176,-472,-394,-1176,-584,-396,-1176,-472,-396,-1176,-584,-394],
	"uvs": [[-9.125,-5.15625,-7.375,-5.1875,-9.125,-5.1875,-9.125,-5.15625,-7.375,-5.15625,-7.375,-5.1875,-7.375,-5.15625,-9.125,-5.1875,-7.375,-5.1875,-7.375,-5.15625,-9.125,-5.15625,-9.125,-5.1875,-18.375,-5.15625,-20.25,-5.1875,-18.375,-5.1875,-18.375,-5.15625,-20.25,-5.15625,-20.25,-5.1875,-20.25,-5.15625,-18.375,-5.1875,-20.25,-5.1875,-20.25,-5.15625,-18.375,-5.15625,-18.375,-5.1875,-20.25,-8.125,-18.375,-6.375,-20.25,-6.375,-20.25,-8.125,-18.375,-8.125,-18.375,-6.375,-20.25,-6.375,-18.375,-8.125,-20.25,-8.125,-20.25,-6.375,-18.375,-6.375,-18.375,-8.125],[]],
	"faces": [10,0,1,2,0,0,1,2,10,0,3,1,0,3,4,5,10,4,5,6,0,6,7,8,10,4,7,5,0,9,10,11,10,7,2,5,0,12,13,14,10,7,0,2,0,15,16,17,10,3,6,1,0,18,19,20,10,3,4,6,0,21,22,23,10,0,4,3,0,24,25,26,10,0,7,4,0,27,28,29,10,1,5,2,0,30,31,32,10,1,6,5,0,33,34,35]
}
