{
	"materials": [
	{
		"mapDiffuse": "textures/door05_2.jpg",
		"mapDiffuseWrap": ["repeat", "repeat"]
	} ],
	"vertices": [64,-128,-208,128,-128,-224,64,-128,-224,128,-128,-208,128,-204,-208,64,-204,-224,128,-204,-224,64,-204,-208],
	"uvs": [[0.5,-0.5833334,1,-0.6666666,0.5,-0.6666666,0.5,-0.5833334,1,-0.5833334,1,-0.6666666,1,-0.5833334,0.5,-0.6666666,1,-0.6666666,1,-0.5833334,0.5,-0.5833334,0.5,-0.6666666,-1,-0.5833334,-1.59375,-0.6666666,-1,-0.6666666,-1,-0.5833334,-1.59375,-0.5833334,-1.59375,-0.6666666,-1.59375,-0.5833334,-1,-0.6666666,-1.59375,-0.6666666,-1.59375,-0.5833334,-1,-0.5833334,-1,-0.6666666,0.5,-0.5625,1,-0.16666663,0.5,-0.16666663,0.5,-0.5625,1,-0.5625,1,-0.16666663,0.5,-0.16666663,1,-0.5625,0.5,-0.5625,0.5,-0.16666663,1,-0.16666663,1,-0.5625],[]],
	"faces": [10,0,1,2,0,0,1,2,10,0,3,1,0,3,4,5,10,4,5,6,0,6,7,8,10,4,7,5,0,9,10,11,10,3,6,1,0,12,13,14,10,3,4,6,0,15,16,17,10,7,2,5,0,18,19,20,10,7,0,2,0,21,22,23,10,7,3,0,0,24,25,26,10,7,4,3,0,27,28,29,10,2,6,5,0,30,31,32,10,2,1,6,0,33,34,35]
}
