{
	"materials": [
	{
		"mapDiffuse": "textures/+1shoot.jpg",
		"mapDiffuseWrap": ["repeat", "repeat"]
	} ],
	"vertices": [-444,1664,1280,-438,1664,1232,-444,1664,1232,-438,1664,1280,-438,1616,1232,-444,1616,1232,-438,1616,1280,-444,1616,1280],
	"uvs": [[-8.916667,28,-8.791667,27,-8.916667,27,-8.916667,28,-8.791667,28,-8.791667,27,-8.916667,36,-8.791667,35,-8.916667,35,-8.916667,36,-8.791667,36,-8.791667,35,-8.791667,28,-8.916667,27,-8.791667,27,-8.791667,28,-8.916667,28,-8.916667,27,-8.916667,35,-8.791667,36,-8.916667,36,-8.916667,35,-8.791667,35,-8.791667,36,34,28,35,27,34,27,34,28,35,28,35,27,35,28,34,27,35,27,35,28,34,28,34,27],[]],
	"faces": [10,0,1,2,0,0,1,2,10,0,3,1,0,3,4,5,10,2,4,5,0,6,7,8,10,2,1,4,0,9,10,11,10,6,5,4,0,12,13,14,10,6,7,5,0,15,16,17,10,7,3,0,0,18,19,20,10,7,6,3,0,21,22,23,10,7,2,5,0,24,25,26,10,7,0,2,0,27,28,29,10,3,4,1,0,30,31,32,10,3,6,4,0,33,34,35]
}
