{
	"materials": [
	{
		"mapDiffuse": "textures/swtch1_1.jpg",
		"mapDiffuseWrap": ["repeat", "repeat"]
	} ],
	"vertices": [736,-512,1106,736,-448,1096,736,-512,1096,736,-448,1106,800,-448,1096,800,-448,1106,800,-512,1106,800,-512,1096],
	"uvs": [[-17.28125,-7.5,-17.125,-6.5,-17.125,-7.5,-17.28125,-7.5,-17.28125,-6.5,-17.125,-6.5,-17.28125,12,-17.125,13,-17.125,12,-17.28125,12,-17.28125,13,-17.125,13,-17.28125,13,-17.125,12,-17.125,13,-17.28125,13,-17.28125,12,-17.125,12,-17.28125,-6.5,-17.125,-7.5,-17.125,-6.5,-17.28125,-6.5,-17.28125,-7.5,-17.125,-7.5,7,12,8,13,8,12,7,12,7,13,8,13,8,12,7,13,7,12,8,12,8,13,7,13],[]],
	"faces": [10,0,1,2,0,0,1,2,10,0,3,1,0,3,4,5,10,3,4,1,0,6,7,8,10,3,5,4,0,9,10,11,10,6,2,7,0,12,13,14,10,6,0,2,0,15,16,17,10,5,7,4,0,18,19,20,10,5,6,7,0,21,22,23,10,1,7,2,0,24,25,26,10,1,4,7,0,27,28,29,10,0,5,3,0,30,31,32,10,0,6,5,0,33,34,35]
}
