{
	"materials": [
	{
		"mapDiffuse": "textures/metal5_6.jpg",
		"mapDiffuseWrap": ["repeat", "repeat"]
	} ],
	"vertices": [1216,1006,1384,1336,992,1384,1216,992,1384,1336,1006,1384,1216,992,1576,1336,1006,1576,1216,1006,1576,1336,992,1576],
	"uvs": [[19,16.71875,20.875,16.5,19,16.5,19,16.71875,20.875,16.71875,20.875,16.5,19,16.5,20.875,16.71875,19,16.71875,19,16.5,20.875,16.5,20.875,16.71875,15.5,25.625,15.71875,22.625,15.5,22.625,15.5,25.625,15.71875,25.625,15.71875,22.625,15.71875,25.625,15.5,22.625,15.71875,22.625,15.71875,25.625,15.5,25.625,15.5,22.625,20.875,25.625,19,22.625,20.875,22.625,20.875,25.625,19,25.625,19,22.625,19,25.625,20.875,22.625,19,22.625,19,25.625,20.875,25.625,20.875,22.625],[]],
	"faces": [10,0,1,2,0,0,1,2,10,0,3,1,0,3,4,5,10,4,5,6,0,6,7,8,10,4,7,5,0,9,10,11,10,4,0,2,0,12,13,14,10,4,6,0,0,15,16,17,10,5,1,3,0,18,19,20,10,5,7,1,0,21,22,23,10,7,2,1,0,24,25,26,10,7,4,2,0,27,28,29,10,6,3,0,0,30,31,32,10,6,5,3,0,33,34,35]
}
