{
	"materials": [
	{
		"mapDiffuse": "textures/rock1_2.jpg",
		"mapDiffuseWrap": ["repeat", "repeat"]
	} ],
	"vertices": [1124.4445,1376,544,1187.5555,1272,544,1147.5555,1272,544,1164.4445,1376,544,1152.8889,1248,744,1166.2222,1368,744,1126.2222,1368,744,1192.8889,1248,744,1155.5555,1416,616,1115.5555,1416,616,1160,1216,632,1200,1216,632],
	"uvs": [[8.784722,11.75,9.277778,10.9375,8.965278,10.9375,8.784722,11.75,9.097222,11.75,9.277778,10.9375,9.006945,10.75,9.111111,11.6875,8.798611,11.6875,9.006945,10.75,9.319445,10.75,9.111111,11.6875,8.798611,6.8125,9.027778,5.8125,8.715278,5.8125,8.798611,6.8125,9.111111,6.8125,9.027778,5.8125,10.75,5.25,10.6875,6.8125,11.0625,5.8125,10.75,5.25,9.75,6.8125,10.6875,6.8125,10.75,5.25,9.5,5.9375,9.75,6.8125,10.75,5.25,9.9375,5.25,9.5,5.9375,8.715278,5.8125,9.097222,5.25,8.784722,5.25,8.715278,5.8125,9.027778,5.8125,9.097222,5.25,9.375,5.9375,8.965278,5.25,9.277778,5.25,9.375,5.9375,9.0625,5.9375,8.965278,5.25,9.319445,6.8125,9.0625,5.9375,9.375,5.9375,9.319445,6.8125,9.006945,6.8125,9.0625,5.9375,10.6875,6.8125,10.75,5.25,11.0625,5.8125,10.6875,6.8125,9.9375,5.25,10.75,5.25,10.6875,6.8125,9.5,5.9375,9.9375,5.25,10.6875,6.8125,9.75,6.8125,9.5,5.9375],[]],
	"faces": [10,0,1,2,0,0,1,2,10,0,3,1,0,3,4,5,10,4,5,6,0,6,7,8,10,4,7,5,0,9,10,11,10,6,8,9,0,12,13,14,10,6,5,8,0,15,16,17,10,0,6,9,0,18,19,20,10,0,4,6,0,21,22,23,10,0,10,4,0,24,25,26,10,0,2,10,0,27,28,29,10,9,3,0,0,30,31,32,10,9,8,3,0,33,34,35,10,11,2,1,0,36,37,38,10,11,10,2,0,39,40,41,10,7,10,11,0,42,43,44,10,7,4,10,0,45,46,47,10,5,3,8,0,48,49,50,10,5,1,3,0,51,52,53,10,5,11,1,0,54,55,56,10,5,7,11,0,57,58,59]
}
