{
	"materials": [
	{
		"mapDiffuse": "textures/trigger.jpg",
		"mapDiffuseWrap": ["repeat", "repeat"]
	} ],
	"vertices": [-40,1632,1280,-16,1656,1280,-40,1656,1280,-16,1632,1280,-40,1656,1234,-16,1632,1234,-40,1632,1234,-16,1656,1234],
	"uvs": [[-0.625,26.5,-0.25,26.875,-0.625,26.875,-0.625,26.5,-0.25,26.5,-0.25,26.875,-0.625,26.875,-0.25,26.5,-0.625,26.5,-0.625,26.875,-0.25,26.875,-0.25,26.5,25.875,21,25.5,20.28125,25.875,20.28125,25.875,21,25.5,21,25.5,20.28125,25.5,21,25.875,20.28125,25.5,20.28125,25.5,21,25.875,21,25.875,20.28125,-0.25,21,-0.625,20.28125,-0.25,20.28125,-0.25,21,-0.625,21,-0.625,20.28125,-0.625,21,-0.25,20.28125,-0.625,20.28125,-0.625,21,-0.25,21,-0.25,20.28125],[]],
	"faces": [10,0,1,2,0,0,1,2,10,0,3,1,0,3,4,5,10,4,5,6,0,6,7,8,10,4,7,5,0,9,10,11,10,1,5,7,0,12,13,14,10,1,3,5,0,15,16,17,10,0,4,6,0,18,19,20,10,0,2,4,0,21,22,23,10,3,6,5,0,24,25,26,10,3,0,6,0,27,28,29,10,2,7,4,0,30,31,32,10,2,1,7,0,33,34,35]
}
