{
	"materials": [
	{
		"mapDiffuse": "textures/swtch1_1.jpg",
		"mapDiffuseWrap": ["repeat", "repeat"]
	} ],
	"vertices": [672,-560,1106,672,-624,1096,672,-560,1096,672,-624,1106,608,-624,1096,608,-624,1106,608,-560,1096,608,-560,1106],
	"uvs": [[-17.03125,-8.25,-16.875,-9.25,-16.875,-8.25,-17.03125,-8.25,-17.03125,-9.25,-16.875,-9.25,-17.03125,11,-16.875,10,-16.875,11,-17.03125,11,-17.03125,10,-16.875,10,-17.03125,-9.25,-16.875,-8.25,-16.875,-9.25,-17.03125,-9.25,-17.03125,-8.25,-16.875,-8.25,-17.03125,10,-16.875,11,-16.875,10,-17.03125,10,-17.03125,11,-16.875,11,9,10,10,11,10,10,9,10,9,11,10,11,10,10,9,11,9,10,10,10,10,11,9,11],[]],
	"faces": [10,0,1,2,0,0,1,2,10,0,3,1,0,3,4,5,10,3,4,1,0,6,7,8,10,3,5,4,0,9,10,11,10,5,6,4,0,12,13,14,10,5,7,6,0,15,16,17,10,7,2,6,0,18,19,20,10,7,0,2,0,21,22,23,10,6,1,4,0,24,25,26,10,6,2,1,0,27,28,29,10,5,0,7,0,30,31,32,10,5,3,0,0,33,34,35]
}
