{
	"materials": [
	{
		"mapDiffuse": "textures/wizwood1_8.jpg",
		"mapDiffuseWrap": ["repeat", "repeat"]
	} ],
	"vertices": [-328,1744,1346,-184,1744,1316,-328,1744,1316,-184,1744,1346,-184,1528,1346,-328,1528,1316,-184,1528,1316,-328,1528,1346,-152,1712,1346,-152,1560,1316,-152,1712,1316,-152,1560,1346,-360,1560,1346,-360,1712,1316,-360,1560,1316,-360,1712,1346],
	"uvs": [[-5.125,22.03125,-2.875,21.5625,-5.125,21.5625,-5.125,22.03125,-2.875,22.03125,-2.875,21.5625,-2.875,22.03125,-5.125,21.5625,-2.875,21.5625,-2.875,22.03125,-5.125,22.03125,-5.125,21.5625,26.75,22.03125,24.375,21.5625,26.75,21.5625,26.75,22.03125,24.375,22.03125,24.375,21.5625,24.375,22.03125,26.75,21.5625,24.375,21.5625,24.375,22.03125,26.75,22.03125,26.75,21.5625,-5.625,27.75,-2.875,28.25,-5.125,28.25,-5.625,27.75,-2.375,27.75,-2.875,28.25,-5.625,27.75,-2.375,25.375,-2.375,27.75,-5.625,27.75,-2.875,24.875,-2.375,25.375,-5.625,27.75,-5.125,24.875,-2.875,24.875,-5.625,27.75,-5.625,25.375,-5.125,24.875,-2.375,27.75,-5.125,28.25,-2.875,28.25,-2.375,27.75,-5.625,27.75,-5.125,28.25,-2.375,27.75,-5.625,25.375,-5.625,27.75,-2.375,27.75,-5.125,24.875,-5.625,25.375,-2.375,27.75,-2.875,24.875,-5.125,24.875,-2.375,27.75,-2.375,25.375,-2.875,24.875,26.75,22.03125,27.25,21.5625,26.75,21.5625,26.75,22.03125,27.25,22.03125,27.25,21.5625,23.875,22.03125,24.375,21.5625,23.875,21.5625,23.875,22.03125,24.375,22.03125,24.375,21.5625,27.25,22.03125,26.75,21.5625,27.25,21.5625,27.25,22.03125,26.75,22.03125,26.75,21.5625,24.375,22.03125,23.875,21.5625,24.375,21.5625,24.375,22.03125,23.875,22.03125,23.875,21.5625],[]],
	"faces": [10,0,1,2,0,0,1,2,10,0,3,1,0,3,4,5,10,4,5,6,0,6,7,8,10,4,7,5,0,9,10,11,10,8,9,10,0,12,13,14,10,8,11,9,0,15,16,17,10,12,13,14,0,18,19,20,10,12,15,13,0,21,22,23,10,15,3,0,0,24,25,26,10,15,8,3,0,27,28,29,10,15,11,8,0,30,31,32,10,15,4,11,0,33,34,35,10,15,7,4,0,36,37,38,10,15,12,7,0,39,40,41,10,10,2,1,0,42,43,44,10,10,13,2,0,45,46,47,10,10,14,13,0,48,49,50,10,10,5,14,0,51,52,53,10,10,6,5,0,54,55,56,10,10,9,6,0,57,58,59,10,15,2,13,0,60,61,62,10,15,0,2,0,63,64,65,10,7,14,5,0,66,67,68,10,7,12,14,0,69,70,71,10,3,10,1,0,72,73,74,10,3,8,10,0,75,76,77,10,11,6,9,0,78,79,80,10,11,4,6,0,81,82,83]
}
