{
	"materials": [
	{
		"mapDiffuse": "textures/+1shoot.jpg",
		"mapDiffuseWrap": ["repeat", "repeat"]
	} ],
	"vertices": [-74,1664,1280,-68,1664,1232,-74,1664,1232,-68,1664,1280,-68,1616,1232,-74,1616,1232,-68,1616,1280,-74,1616,1280],
	"uvs": [[-1.2083334,28,-1.0833334,27,-1.2083334,27,-1.2083334,28,-1.0833334,28,-1.0833334,27,-1.2083334,36,-1.0833334,35,-1.2083334,35,-1.2083334,36,-1.0833334,36,-1.0833334,35,-1.0833334,28,-1.2083334,27,-1.0833334,27,-1.0833334,28,-1.2083334,28,-1.2083334,27,-1.2083334,35,-1.0833334,36,-1.2083334,36,-1.2083334,35,-1.0833334,35,-1.0833334,36,35,28,34,27,35,27,35,28,34,28,34,27,34,28,35,27,34,27,34,28,35,28,35,27],[]],
	"faces": [10,0,1,2,0,0,1,2,10,0,3,1,0,3,4,5,10,2,4,5,0,6,7,8,10,2,1,4,0,9,10,11,10,6,5,4,0,12,13,14,10,6,7,5,0,15,16,17,10,7,3,0,0,18,19,20,10,7,6,3,0,21,22,23,10,3,4,1,0,24,25,26,10,3,6,4,0,27,28,29,10,7,2,5,0,30,31,32,10,7,0,2,0,33,34,35]
}
