{
	"materials": [
	{
		"mapDiffuse": "textures/wmet4_5.jpg",
		"mapDiffuseWrap": ["repeat", "repeat"]
	} ],
	"vertices": [652,2856,904,668,2832,904,652,2832,904,668,2856,904,748,2804,904,652,2804,904,748,2832,904,732,2832,904,748,2856,904,732,2856,904,684,2832,904,716,2856,904,716,2832,904,684,2856,904,652,2880,904,748,2880,904,748,2880,920,748,2804,920,652,2804,920,652,2880,920,764,2856,512,776,2832,512,764,2832,512,776,2856,512,624,2856,864,624,2832,864,776,2856,664,776,2832,664,776,2856,888,776,2832,888,760,2856,864,764,2832,864,760,2832,864,764,2856,864,640,2832,864,640,2856,864,764,2832,874.9091,776,2832,864,764,2832,888,776,2856,864,764,2856,888,764,2856,874.9091,764,2832,640,764,2856,640,776,2832,640,776,2856,640],
	"uvs": [[10.1875,45.625,10.4375,45.25,10.1875,45.25,10.1875,45.625,10.4375,45.625,10.4375,45.25,10.1875,45.25,11.6875,44.8125,10.1875,44.8125,10.1875,45.25,11.6875,45.25,11.6875,44.8125,11.4375,45.25,11.6875,45.625,11.6875,45.25,11.4375,45.25,11.4375,45.625,11.6875,45.625,10.6875,45.25,11.1875,45.625,11.1875,45.25,10.6875,45.25,10.6875,45.625,11.1875,45.625,10.1875,46,11.6875,45.625,10.1875,45.625,10.1875,46,11.6875,46,11.6875,45.625,45,15.375,43.8125,15.125,45,15.125,45,15.375,43.8125,15.375,43.8125,15.125,43.8125,15.375,45,15.125,43.8125,15.125,43.8125,15.375,45,15.375,45,15.125,11.6875,15.375,10.1875,15.125,11.6875,15.125,11.6875,15.375,10.1875,15.375,10.1875,15.125,10.1875,15.375,11.6875,15.125,10.1875,15.125,10.1875,15.375,11.6875,15.375,11.6875,15.125,10.1875,44.8125,11.6875,46,10.1875,46,10.1875,44.8125,11.6875,44.8125,11.6875,46,11.9375,45.625,12.125,45.25,11.9375,45.25,11.9375,45.625,12.125,45.625,12.125,45.25,10.4375,45.25,9.75,45.625,9.75,45.25,10.4375,45.25,10.4375,45.625,9.75,45.625,44.625,11.375,44.25,9,44.625,9,44.625,11.375,44.25,11.375,44.25,9,44.625,14.875,44.25,11.375,44.625,11.375,44.625,14.875,44.25,14.875,44.25,11.375,11.875,45.625,11.9375,45.25,11.875,45.25,11.875,45.625,11.9375,45.625,11.9375,45.25,9.75,45.625,10,45.25,9.75,45.25,9.75,45.625,10,45.625,10,45.25,12.125,14.875,11.9375,14.670455,12.125,14.5,12.125,14.875,11.9375,14.875,11.9375,14.670455,10.6875,15.125,9.75,14.5,10,14.5,10.6875,15.125,10.4375,15.125,9.75,14.5,12.125,14.5,11.1875,15.125,11.875,14.5,12.125,14.5,11.4375,15.125,11.1875,15.125,10.6875,45.625,10,45.25,10,45.625,10.6875,45.625,10.6875,45.25,10,45.25,10,14.5,10.4375,15.125,10.6875,15.125,10,14.5,9.75,14.5,10.4375,15.125,11.875,14.5,11.4375,15.125,12.125,14.5,11.875,14.5,11.1875,15.125,11.4375,15.125,11.9375,14.875,12.125,14.5,11.9375,14.670455,11.9375,14.875,12.125,14.875,12.125,14.5,44.25,14.875,44.625,14.670455,44.25,14.670455,44.25,14.875,44.625,14.875,44.625,14.670455,11.9375,45.25,12.125,45.625,11.9375,45.625,11.9375,45.25,12.125,45.25,12.125,45.625,11.9375,45.625,11.4375,45.25,11.9375,45.25,11.9375,45.625,11.4375,45.625,11.4375,45.25,11.875,45.625,11.1875,45.25,11.1875,45.625,11.875,45.625,11.875,45.25,11.1875,45.25,44.25,11,44.625,9,44.25,9,44.25,11,44.625,11,44.625,9,44.25,14.5,44.625,11,44.25,11,44.25,14.5,44.625,14.5,44.625,11,12.125,11,11.9375,9,12.125,9,12.125,11,11.9375,11,11.9375,9,12.125,14.5,11.9375,11,12.125,11,12.125,14.5,11.9375,14.5,11.9375,11,11.9375,11,12.125,9,11.9375,9,11.9375,11,12.125,11,12.125,9,11.9375,14.5,12.125,11,11.9375,11,11.9375,14.5,12.125,14.5,12.125,11],[]],
	"faces": [10,0,1,2,0,0,1,2,10,0,3,1,0,3,4,5,10,2,4,5,0,6,7,8,10,2,6,4,0,9,10,11,10,7,8,6,0,12,13,14,10,7,9,8,0,15,16,17,10,10,11,12,0,18,19,20,10,10,13,11,0,21,22,23,10,14,8,0,0,24,25,26,10,14,15,8,0,27,28,29,10,16,4,15,0,30,31,32,10,16,17,4,0,33,34,35,10,18,14,5,0,36,37,38,10,18,19,14,0,39,40,41,10,17,5,4,0,42,43,44,10,17,18,5,0,45,46,47,10,19,15,14,0,48,49,50,10,19,16,15,0,51,52,53,10,18,16,19,0,54,55,56,10,18,17,16,0,57,58,59,10,20,21,22,0,60,61,62,10,20,23,21,0,63,64,65,10,1,24,25,0,66,67,68,10,1,3,24,0,69,70,71,10,26,21,23,0,72,73,74,10,26,27,21,0,75,76,77,10,28,27,26,0,78,79,80,10,28,29,27,0,81,82,83,10,30,31,32,0,84,85,86,10,30,33,31,0,87,88,89,10,24,34,25,0,90,91,92,10,24,35,34,0,93,94,95,10,29,36,37,0,96,97,98,10,29,38,36,0,99,100,101,10,10,25,34,0,102,103,104,10,10,1,25,0,105,106,107,10,37,12,32,0,108,109,110,10,37,7,12,0,111,112,113,10,13,34,35,0,114,115,116,10,13,10,34,0,117,118,119,10,35,3,13,0,120,121,122,10,35,24,3,0,123,124,125,10,30,9,39,0,126,127,128,10,30,11,9,0,129,130,131,10,40,39,41,0,132,133,134,10,40,28,39,0,135,136,137,10,38,41,36,0,138,139,140,10,38,40,41,0,141,142,143,10,38,28,40,0,144,145,146,10,38,29,28,0,147,148,149,10,41,7,36,0,150,151,152,10,41,9,7,0,153,154,155,10,30,12,11,0,156,157,158,10,30,32,12,0,159,160,161,10,42,20,22,0,162,163,164,10,42,43,20,0,165,166,167,10,31,43,42,0,168,169,170,10,31,33,43,0,171,172,173,10,44,22,21,0,174,175,176,10,44,42,22,0,177,178,179,10,37,42,44,0,180,181,182,10,37,31,42,0,183,184,185,10,43,23,20,0,186,187,188,10,43,45,23,0,189,190,191,10,33,45,43,0,192,193,194,10,33,39,45,0,195,196,197]
}
