{
	"materials": [
	{
		"mapDiffuse": "textures/swtch1_1.jpg",
		"mapDiffuseWrap": ["repeat", "repeat"]
	} ],
	"vertices": [736,-624,1106,736,-560,1096,736,-624,1096,736,-560,1106,800,-624,1106,800,-624,1096,800,-560,1106,800,-560,1096],
	"uvs": [[-17.03125,-9.25,-16.875,-8.25,-16.875,-9.25,-17.03125,-9.25,-17.03125,-8.25,-16.875,-8.25,-17.03125,13,-16.875,12,-16.875,13,-17.03125,13,-17.03125,12,-16.875,12,-17.03125,-8.25,-16.875,-9.25,-16.875,-8.25,-17.03125,-8.25,-17.03125,-9.25,-16.875,-9.25,-17.03125,12,-16.875,13,-16.875,12,-17.03125,12,-17.03125,13,-16.875,13,9,12,10,13,10,12,9,12,9,13,10,13,10,12,9,13,9,12,10,12,10,13,9,13],[]],
	"faces": [10,0,1,2,0,0,1,2,10,0,3,1,0,3,4,5,10,4,2,5,0,6,7,8,10,4,0,2,0,9,10,11,10,6,5,7,0,12,13,14,10,6,4,5,0,15,16,17,10,3,7,1,0,18,19,20,10,3,6,7,0,21,22,23,10,1,5,2,0,24,25,26,10,1,7,5,0,27,28,29,10,0,6,3,0,30,31,32,10,0,4,6,0,33,34,35]
}
