{
	"materials": [
	{
		"mapDiffuse": "textures/swtch1_1.jpg",
		"mapDiffuseWrap": ["repeat", "repeat"]
	} ],
	"vertices": [864,-560,1106,928,-560,1096,864,-560,1096,928,-560,1106,864,-624,1106,864,-624,1096,928,-624,1106,928,-624,1096],
	"uvs": [[-16.03125,14,-15.875,15,-15.875,14,-16.03125,14,-16.03125,15,-15.875,15,-16.03125,-9.25,-15.875,-8.25,-15.875,-9.25,-16.03125,-9.25,-16.03125,-8.25,-15.875,-8.25,-16.03125,15,-15.875,14,-15.875,15,-16.03125,15,-16.03125,14,-15.875,14,-16.03125,-8.25,-15.875,-9.25,-15.875,-8.25,-16.03125,-8.25,-16.03125,-9.25,-15.875,-9.25,10,14,11,15,11,14,10,14,10,15,11,15,11,14,10,15,10,14,11,14,11,15,10,15],[]],
	"faces": [10,0,1,2,0,0,1,2,10,0,3,1,0,3,4,5,10,4,2,5,0,6,7,8,10,4,0,2,0,9,10,11,10,6,5,7,0,12,13,14,10,6,4,5,0,15,16,17,10,3,7,1,0,18,19,20,10,3,6,7,0,21,22,23,10,2,7,5,0,24,25,26,10,2,1,7,0,27,28,29,10,4,3,0,0,30,31,32,10,4,6,3,0,33,34,35]
}
