{
	"materials": [
	{
		"mapDiffuse": "textures/swtch1_1.jpg",
		"mapDiffuseWrap": ["repeat", "repeat"]
	} ],
	"vertices": [736,-736,1106,736,-672,1096,736,-736,1096,736,-672,1106,800,-736,1106,800,-736,1096,800,-672,1096,800,-672,1106],
	"uvs": [[-16.78125,-11,-16.625,-10,-16.625,-11,-16.78125,-11,-16.78125,-10,-16.625,-10,-16.78125,13,-16.625,12,-16.625,13,-16.78125,13,-16.78125,12,-16.625,12,-16.78125,12,-16.625,13,-16.625,12,-16.78125,12,-16.78125,13,-16.625,13,-16.78125,-10,-16.625,-11,-16.625,-10,-16.78125,-10,-16.78125,-11,-16.625,-11,11,12,12,13,12,12,11,12,11,13,12,13,12,12,11,13,11,12,12,12,12,13,11,13],[]],
	"faces": [10,0,1,2,0,0,1,2,10,0,3,1,0,3,4,5,10,4,2,5,0,6,7,8,10,4,0,2,0,9,10,11,10,3,6,1,0,12,13,14,10,3,7,6,0,15,16,17,10,7,5,6,0,18,19,20,10,7,4,5,0,21,22,23,10,1,5,2,0,24,25,26,10,1,6,5,0,27,28,29,10,0,7,3,0,30,31,32,10,0,4,7,0,33,34,35]
}
