{
	"materials": [
	{
		"mapDiffuse": "textures/trigger.jpg",
		"mapDiffuseWrap": ["repeat", "repeat"]
	} ],
	"vertices": [-136,1408,1280,-112,1432,1280,-136,1432,1280,-112,1408,1280,-136,1432,1234,-112,1408,1234,-136,1408,1234,-112,1432,1234],
	"uvs": [[-2.125,23,-1.75,23.375,-2.125,23.375,-2.125,23,-1.75,23,-1.75,23.375,-2.125,23.375,-1.75,23,-2.125,23,-2.125,23.375,-1.75,23.375,-1.75,23,-2.125,21,-1.75,20.28125,-2.125,20.28125,-2.125,21,-1.75,21,-1.75,20.28125,-1.75,21,-2.125,20.28125,-1.75,20.28125,-1.75,21,-2.125,21,-2.125,20.28125,22.375,21,22,20.28125,22.375,20.28125,22.375,21,22,21,22,20.28125,22,21,22.375,20.28125,22,20.28125,22,21,22.375,21,22.375,20.28125],[]],
	"faces": [10,0,1,2,0,0,1,2,10,0,3,1,0,3,4,5,10,4,5,6,0,6,7,8,10,4,7,5,0,9,10,11,10,2,7,4,0,12,13,14,10,2,1,7,0,15,16,17,10,3,6,5,0,18,19,20,10,3,0,6,0,21,22,23,10,1,5,7,0,24,25,26,10,1,3,5,0,27,28,29,10,0,4,6,0,30,31,32,10,0,2,4,0,33,34,35]
}
