{
	"materials": [
	{
		"mapDiffuse": "textures/trigger.jpg",
		"mapDiffuseWrap": ["repeat", "repeat"]
	} ],
	"vertices": [232,1704,-8,240,1592,-8,232,1592,-8,240,1704,-8,232,1592,107,240,1704,107,232,1704,107,240,1592,107],
	"uvs": [[3.625,27.625,3.75,25.875,3.625,25.875,3.625,27.625,3.75,27.625,3.75,25.875,3.625,25.875,3.75,27.625,3.625,27.625,3.625,25.875,3.75,25.875,3.75,27.625,3.625,2.671875,3.75,0.875,3.625,0.875,3.625,2.671875,3.75,2.671875,3.75,0.875,3.75,2.671875,3.625,0.875,3.75,0.875,3.75,2.671875,3.625,2.671875,3.625,0.875,24.875,2.671875,26.625,0.875,24.875,0.875,24.875,2.671875,26.625,2.671875,26.625,0.875,26.625,2.671875,24.875,0.875,26.625,0.875,26.625,2.671875,24.875,2.671875,24.875,0.875],[]],
	"faces": [10,0,1,2,0,0,1,2,10,0,3,1,0,3,4,5,10,4,5,6,0,6,7,8,10,4,7,5,0,9,10,11,10,6,3,0,0,12,13,14,10,6,5,3,0,15,16,17,10,7,2,1,0,18,19,20,10,7,4,2,0,21,22,23,10,4,0,2,0,24,25,26,10,4,6,0,0,27,28,29,10,5,1,3,0,30,31,32,10,5,7,1,0,33,34,35]
}
