{
	"materials": [
	{
		"mapDiffuse": "textures/cop1_1.jpg",
		"mapDiffuseWrap": ["repeat", "repeat"]
	} ],
	"vertices": [-1152,2024,114,-1088,1984,114,-1152,1984,114,-1088,2024,114,-1108,2024,114,-1088,2048,114,-1108,2048,114,-1152,2048,114,-1132,2024,114,-1132,2048,114,-1152,1984,128,-1152,2048,128,-1088,2048,128,-1088,1984,128,-1132,2062,-2,-1108,2046,-2,-1132,2046,-2,-1108,2062,-2,-1132,2046,80,-1132,2062,80,-1132,2048,80,-1132,2072,80,-1132,2046,82,-1132,2046.5883,82,-1108,2062,80,-1108,2046,80,-1108,2072,80,-1108,2048,80,-1108,2046,82,-1108,2046.5883,82],
	"uvs": [[-18,32.625,-17,32,-18,32,-18,32.625,-17,32.625,-17,32,-17.3125,32.625,-17,33,-17,32.625,-17.3125,32.625,-17.3125,33,-17,33,-18,33,-17.6875,32.625,-18,32.625,-18,33,-17.6875,33,-17.6875,32.625,31,3,32,2.78125,31,2.78125,31,3,32,3,32,2.78125,-18,3,-17,2.78125,-18,2.78125,-18,3,-17,3,-17,2.78125,32,3,31,2.78125,32,2.78125,32,3,31,3,31,2.78125,-17,3,-18,2.78125,-17,2.78125,-17,3,-18,3,-18,2.78125,-18,32,-17,33,-18,33,-18,32,-17,32,-17,33,-17.6875,33.21875,-17.3125,32.96875,-17.6875,32.96875,-17.6875,33.21875,-17.3125,33.21875,-17.3125,32.96875,31.96875,2.25,32.21875,0.96875,31.96875,0.96875,31.96875,2.25,32.21875,2.25,32.21875,0.96875,32,2.25,32,2.78125,32.375,2.25,32,2.25,31.625,2.78125,32,2.78125,31.96875,2.28125,32,2.25,31.96875,2.25,31.96875,2.28125,31.977942,2.28125,32,2.25,32.21875,2.25,31.96875,0.96875,32.21875,0.96875,32.21875,2.25,31.96875,2.25,31.96875,0.96875,32.375,2.25,31.625,2.78125,32,2.25,32.375,2.25,32,2.78125,31.625,2.78125,32,2.25,31.96875,2.28125,31.96875,2.25,32,2.25,31.977942,2.28125,31.96875,2.28125,-17.6875,2.78125,-17.3125,2.25,-17.6875,2.25,-17.6875,2.78125,-17.3125,2.78125,-17.3125,2.25,-17.6875,32.96875,-17.3125,32.977943,-17.6875,32.977943,-17.6875,32.96875,-17.3125,32.96875,-17.3125,32.977943,-17.3125,2.78125,-17.6875,2.28125,-17.3125,2.28125,-17.3125,2.78125,-17.6875,2.78125,-17.6875,2.28125,-17.6875,2.25,-17.3125,0.96875,-17.6875,0.96875,-17.6875,2.25,-17.3125,2.25,-17.3125,0.96875,-17.6875,33.375,-17.3125,33.21875,-17.6875,33.21875,-17.6875,33.375,-17.3125,33.375,-17.3125,33.21875,-17.3125,2.28125,-17.6875,0.96875,-17.3125,0.96875,-17.3125,2.28125,-17.6875,2.28125,-17.6875,0.96875],[]],
	"faces": [10,0,1,2,0,0,1,2,10,0,3,1,0,3,4,5,10,4,5,3,0,6,7,8,10,4,6,5,0,9,10,11,10,7,8,0,0,12,13,14,10,7,9,8,0,15,16,17,10,10,7,2,0,18,19,20,10,10,11,7,0,21,22,23,10,11,5,7,0,24,25,26,10,11,12,5,0,27,28,29,10,12,1,5,0,30,31,32,10,12,13,1,0,33,34,35,10,13,2,1,0,36,37,38,10,13,10,2,0,39,40,41,10,10,12,11,0,42,43,44,10,10,13,12,0,45,46,47,10,14,15,16,0,48,49,50,10,14,17,15,0,51,52,53,10,18,14,16,0,54,55,56,10,18,19,14,0,57,58,59,10,20,9,21,0,60,61,62,10,20,8,9,0,63,64,65,10,22,20,18,0,66,67,68,10,22,23,20,0,69,70,71,10,24,15,17,0,72,73,74,10,24,25,15,0,75,76,77,10,26,4,27,0,78,79,80,10,26,6,4,0,81,82,83,10,27,28,25,0,84,85,86,10,27,29,28,0,87,88,89,10,9,26,21,0,90,91,92,10,9,6,26,0,93,94,95,10,22,29,23,0,96,97,98,10,22,28,29,0,99,100,101,10,4,23,29,0,102,103,104,10,4,8,23,0,105,106,107,10,19,17,14,0,108,109,110,10,19,24,17,0,111,112,113,10,21,24,19,0,114,115,116,10,21,26,24,0,117,118,119,10,28,16,15,0,120,121,122,10,28,22,16,0,123,124,125]
}
