{
	"materials": [
	{
		"mapDiffuse": "textures/cop1_1.jpg",
		"mapDiffuseWrap": ["repeat", "repeat"]
	} ],
	"vertices": [-1360,2056,184,-1392,2056,162,-1360,2056,162,-1392,2056,184,-1360,2240,184,-1360,2240,162,-1392,2240,162,-1392,2240,184,-1376,2264,184,-1376,2264,162],
	"uvs": [[-21.25,3.875,-21.75,3.53125,-21.25,3.53125,-21.25,3.875,-21.75,3.875,-21.75,3.53125,35,3.875,32.125,3.53125,35,3.53125,35,3.875,32.125,3.875,32.125,3.53125,32.125,3.875,35,3.53125,32.125,3.53125,32.125,3.875,35,3.875,35,3.53125,-21.25,36,-21.75,33.125,-21.25,33.125,-21.25,36,-21.75,36,-21.75,33.125,-21.25,36,-21.5,36.375,-21.75,36,-21.75,36,-21.25,33.125,-21.75,33.125,-21.75,36,-21.25,36,-21.25,33.125,-21.75,36,-21.5,36.375,-21.25,36,35,3.875,35.375,3.53125,35,3.53125,35,3.875,35.375,3.875,35.375,3.53125,35.375,3.875,35,3.53125,35.375,3.53125,35.375,3.875,35,3.875,35,3.53125],[]],
	"faces": [10,0,1,2,0,0,1,2,10,0,3,1,0,3,4,5,10,4,2,5,0,6,7,8,10,4,0,2,0,9,10,11,10,3,6,1,0,12,13,14,10,3,7,6,0,15,16,17,10,4,3,0,0,18,19,20,10,4,7,3,0,21,22,23,10,4,8,7,0,24,25,26,10,6,2,1,0,27,28,29,10,6,5,2,0,30,31,32,10,6,9,5,0,33,34,35,10,7,9,6,0,36,37,38,10,7,8,9,0,39,40,41,10,8,5,9,0,42,43,44,10,8,4,5,0,45,46,47]
}
