{
	"materials": [
	{
		"mapDiffuse": "textures/cop1_1.jpg",
		"mapDiffuseWrap": ["repeat", "repeat"]
	} ],
	"vertices": [-1344,2296,184,-1312,2296,162,-1344,2296,162,-1312,2296,184,-1312,2112,162,-1312,2112,184,-1344,2112,184,-1344,2112,162,-1328,2088,184,-1328,2088,162],
	"uvs": [[-21,3.875,-20.5,3.53125,-21,3.53125,-21,3.875,-20.5,3.875,-20.5,3.53125,35.875,3.875,33,3.53125,35.875,3.53125,35.875,3.875,33,3.875,33,3.53125,33,3.875,35.875,3.53125,33,3.53125,33,3.875,35.875,3.875,35.875,3.53125,-21,34,-20.5,36.875,-21,36.875,-21,34,-20.5,34,-20.5,36.875,-21,34,-20.75,33.625,-20.5,34,-20.5,34,-21,36.875,-20.5,36.875,-20.5,34,-21,34,-21,36.875,-20.5,34,-20.75,33.625,-21,34,33,3.875,32.625,3.53125,33,3.53125,33,3.875,32.625,3.875,32.625,3.53125,32.625,3.875,33,3.53125,32.625,3.53125,32.625,3.875,33,3.875,33,3.53125],[]],
	"faces": [10,0,1,2,0,0,1,2,10,0,3,1,0,3,4,5,10,3,4,1,0,6,7,8,10,3,5,4,0,9,10,11,10,6,2,7,0,12,13,14,10,6,0,2,0,15,16,17,10,6,3,0,0,18,19,20,10,6,5,3,0,21,22,23,10,6,8,5,0,24,25,26,10,4,2,1,0,27,28,29,10,4,7,2,0,30,31,32,10,4,9,7,0,33,34,35,10,5,9,4,0,36,37,38,10,5,8,9,0,39,40,41,10,8,7,9,0,42,43,44,10,8,6,7,0,45,46,47]
}
