{
	"materials": [
	{
		"mapDiffuse": "textures/city5_4.jpg",
		"mapDiffuseWrap": ["repeat", "repeat"]
	} ],
	"vertices": [176,1640,128,192,1656,128,176,1656,128,192,1640,128,176,1592,-94,192,1704,-94,192,1592,-94,176,1704,-94,176,1704,100,192,1704,100,192,1592,100,176,1592,100,176,1698,108,176,1678,122,176,1618,122,176,1598,108,192,1598,108,192,1618,122,192,1678,122,192,1698,108],
	"uvs": [[2.75,26.625,3,26.875,2.75,26.875,2.75,26.625,3,26.625,3,26.875,2.75,25.875,3,27.625,3,25.875,2.75,25.875,2.75,27.625,3,27.625,2.75,2.5625,3,-0.46875,2.75,-0.46875,2.75,2.5625,3,2.5625,3,-0.46875,3,2.5625,2.75,-0.46875,3,-0.46875,3,2.5625,2.75,2.5625,2.75,-0.46875,26.53125,2.6875,25.875,3,26.21875,2.90625,26.53125,2.6875,25.625,3,25.875,3,26.53125,2.6875,25.28125,2.90625,25.625,3,26.53125,2.6875,24.96875,2.6875,25.28125,2.90625,26.53125,2.6875,24.875,2.5625,24.96875,2.6875,26.53125,2.6875,24.875,-0.46875,24.875,2.5625,26.53125,2.6875,26.625,-0.46875,24.875,-0.46875,26.53125,2.6875,26.625,2.5625,26.625,-0.46875,24.875,-0.46875,24.96875,2.6875,24.875,2.5625,24.875,-0.46875,25.28125,2.90625,24.96875,2.6875,24.875,-0.46875,25.625,3,25.28125,2.90625,24.875,-0.46875,25.875,3,25.625,3,24.875,-0.46875,26.21875,2.90625,25.875,3,24.875,-0.46875,26.53125,2.6875,26.21875,2.90625,24.875,-0.46875,26.625,2.5625,26.53125,2.6875,24.875,-0.46875,26.625,-0.46875,26.625,2.5625,3,2.6875,2.75,2.5625,3,2.5625,3,2.6875,2.75,2.6875,2.75,2.5625,2.75,25.96875,3,26.28125,2.75,26.28125,2.75,25.96875,3,25.96875,3,26.28125,2.75,26.875,3,27.21875,2.75,27.21875,2.75,26.875,3,26.875,3,27.21875,2.75,26.28125,3,26.625,2.75,26.625,2.75,26.28125,3,26.28125,3,26.625,2.75,2.6875,3,2.5625,2.75,2.5625,2.75,2.6875,3,2.6875,3,2.5625,2.75,27.21875,3,27.53125,2.75,27.53125,2.75,27.21875,3,27.21875,3,27.53125],[]],
	"faces": [10,0,1,2,0,0,1,2,10,0,3,1,0,3,4,5,10,4,5,6,0,6,7,8,10,4,7,5,0,9,10,11,10,8,5,7,0,12,13,14,10,8,9,5,0,15,16,17,10,10,4,6,0,18,19,20,10,10,11,4,0,21,22,23,10,12,2,13,0,24,25,26,10,12,0,2,0,27,28,29,10,12,14,0,0,30,31,32,10,12,15,14,0,33,34,35,10,12,11,15,0,36,37,38,10,12,4,11,0,39,40,41,10,12,7,4,0,42,43,44,10,12,8,7,0,45,46,47,10,6,16,10,0,48,49,50,10,6,17,16,0,51,52,53,10,6,3,17,0,54,55,56,10,6,1,3,0,57,58,59,10,6,18,1,0,60,61,62,10,6,19,18,0,63,64,65,10,6,9,19,0,66,67,68,10,6,5,9,0,69,70,71,10,16,11,10,0,72,73,74,10,16,15,11,0,75,76,77,10,15,17,14,0,78,79,80,10,15,16,17,0,81,82,83,10,2,18,13,0,84,85,86,10,2,1,18,0,87,88,89,10,14,3,0,0,90,91,92,10,14,17,3,0,93,94,95,10,12,9,8,0,96,97,98,10,12,19,9,0,99,100,101,10,13,19,12,0,102,103,104,10,13,18,19,0,105,106,107]
}
