{
	"materials": [
	{
		"mapDiffuse": "textures/trigger.jpg",
		"mapDiffuseWrap": ["repeat", "repeat"]
	} ],
	"vertices": [-544,-8,152,-480,-48,152,-544,-48,152,-480,-8,152,-544,-48,251,-480,-8,251,-544,-8,251,-480,-48,251],
	"uvs": [[-8.5,0.875,-7.5,0.25,-8.5,0.25,-8.5,0.875,-7.5,0.875,-7.5,0.25,-8.5,0.25,-7.5,0.875,-8.5,0.875,-8.5,0.25,-7.5,0.25,-7.5,0.875,-0.125,4.921875,-0.75,3.375,-0.125,3.375,-0.125,4.921875,-0.75,4.921875,-0.75,3.375,-0.75,4.921875,-0.125,3.375,-0.75,3.375,-0.75,4.921875,-0.125,4.921875,-0.125,3.375,-8.5,4.921875,-7.5,3.375,-8.5,3.375,-8.5,4.921875,-7.5,4.921875,-7.5,3.375,-7.5,4.921875,-8.5,3.375,-7.5,3.375,-7.5,4.921875,-8.5,4.921875,-8.5,3.375],[]],
	"faces": [10,0,1,2,0,0,1,2,10,0,3,1,0,3,4,5,10,4,5,6,0,6,7,8,10,4,7,5,0,9,10,11,10,5,1,3,0,12,13,14,10,5,7,1,0,15,16,17,10,4,0,2,0,18,19,20,10,4,6,0,0,21,22,23,10,6,3,0,0,24,25,26,10,6,5,3,0,27,28,29,10,7,2,1,0,30,31,32,10,7,4,2,0,33,34,35]
}
