{
	"materials": [
	{
		"mapDiffuse": "textures/metal4_4.jpg",
		"mapDiffuseWrap": ["repeat", "repeat"]
	} ],
	"vertices": [-584,1768,-144,-504,1784,-144,-584,1784,-144,-504,1768,-144,-584,1784,-264,-504,1768,-264,-584,1768,-264,-504,1784,-264],
	"uvs": [[-6.682599,29.252674,-5.4155674,29.39278,-6.6608105,29.501724,-6.682599,29.252674,-5.437356,29.14373,-5.4155674,29.39278,-6.6608105,29.501724,-5.437356,29.14373,-6.682599,29.252674,-6.6608105,29.501724,-5.4155674,29.39278,-5.437356,29.14373,27.572828,-3.7334046,27.16036,-5.57948,27.40941,-5.6012697,27.572828,-3.7334046,27.323778,-3.7116156,27.16036,-5.57948,27.323778,-3.7116156,27.40941,-5.6012697,27.16036,-5.57948,27.323778,-3.7116156,27.572828,-3.7334046,27.40941,-5.6012697,-9.286377,-0.50864196,-8.204551,-2.4854515,-9.449794,-2.3765068,-9.286377,-0.50864196,-8.041134,-0.6175866,-8.204551,-2.4854515,-8.041134,-0.6175866,-9.449794,-2.3765068,-8.204551,-2.4854515,-8.041134,-0.6175866,-9.286377,-0.50864196,-9.449794,-2.3765068],[]],
	"faces": [10,0,1,2,0,0,1,2,10,0,3,1,0,3,4,5,10,4,5,6,0,6,7,8,10,4,7,5,0,9,10,11,10,1,5,7,0,12,13,14,10,1,3,5,0,15,16,17,10,0,4,6,0,18,19,20,10,0,2,4,0,21,22,23,10,2,7,4,0,24,25,26,10,2,1,7,0,27,28,29,10,3,6,5,0,30,31,32,10,3,0,6,0,33,34,35]
}
