{
	"materials": [
	{
		"mapDiffuse": "textures/trigger.jpg",
		"mapDiffuseWrap": ["repeat", "repeat"]
	} ],
	"vertices": [-1584,2112,8,-1488,2112,2,-1584,2112,2,-1488,2112,8,-1488,1324,8,-1584,1324,2,-1488,1324,2,-1584,1324,8,-1584,1996,2,-1584,1996,8,-1584,1772,2,-1584,1772,8,-1584,1548,2,-1584,1548,8,-1488,1996,2,-1488,1996,8,-1488,1772,8,-1488,1772,2,-1488,1548,8,-1488,1548,2,-1584,1440,2,-1488,1440,2,-1584,1664,2,-1488,1664,2,-1584,1888,2,-1488,1888,2,-1488,1440,8,-1584,1440,8,-1488,1664,8,-1584,1664,8,-1488,1888,8,-1584,1888,8],
	"uvs": [[-24.75,1.125,-23.25,1.03125,-24.75,1.03125,-24.75,1.125,-23.25,1.125,-23.25,1.03125,-23.25,1.125,-24.75,1.03125,-23.25,1.03125,-23.25,1.125,-24.75,1.125,-24.75,1.03125,31.1875,1.03125,33,1.125,33,1.03125,31.1875,1.03125,31.1875,1.125,33,1.125,27.6875,1.03125,31.1875,1.125,31.1875,1.03125,27.6875,1.03125,27.6875,1.125,31.1875,1.125,24.1875,1.03125,27.6875,1.125,27.6875,1.03125,24.1875,1.03125,24.1875,1.125,27.6875,1.125,20.6875,1.125,24.1875,1.03125,20.6875,1.03125,20.6875,1.125,24.1875,1.125,24.1875,1.03125,33,1.125,31.1875,1.03125,33,1.03125,33,1.125,31.1875,1.125,31.1875,1.03125,31.1875,1.03125,27.6875,1.125,27.6875,1.03125,31.1875,1.03125,31.1875,1.125,27.6875,1.125,27.6875,1.03125,24.1875,1.125,24.1875,1.03125,27.6875,1.03125,27.6875,1.125,24.1875,1.125,24.1875,1.03125,20.6875,1.125,20.6875,1.03125,24.1875,1.03125,24.1875,1.125,20.6875,1.125,-24.75,23.5,-23.25,21.6875,-24.75,21.6875,-24.75,23.5,-23.25,23.5,-23.25,21.6875,-24.75,27,-23.25,23.5,-24.75,23.5,-24.75,27,-23.25,27,-23.25,23.5,-24.75,30.5,-23.25,27,-24.75,27,-24.75,30.5,-23.25,30.5,-23.25,27,-24.75,34,-23.25,30.5,-24.75,30.5,-24.75,34,-23.25,34,-23.25,30.5,-24.75,21.6875,-23.25,23.5,-24.75,23.5,-24.75,21.6875,-23.25,21.6875,-23.25,23.5,-24.75,23.5,-23.25,27,-24.75,27,-24.75,23.5,-23.25,23.5,-23.25,27,-24.75,27,-23.25,30.5,-24.75,30.5,-24.75,27,-23.25,27,-23.25,30.5,-24.75,30.5,-23.25,34,-24.75,34,-24.75,30.5,-23.25,30.5,-23.25,34],[]],
	"faces": [10,0,1,2,0,0,1,2,10,0,3,1,0,3,4,5,10,4,5,6,0,6,7,8,10,4,7,5,0,9,10,11,10,8,0,2,0,12,13,14,10,8,9,0,0,15,16,17,10,10,9,8,0,18,19,20,10,10,11,9,0,21,22,23,10,12,11,10,0,24,25,26,10,12,13,11,0,27,28,29,10,7,12,5,0,30,31,32,10,7,13,12,0,33,34,35,10,3,14,1,0,36,37,38,10,3,15,14,0,39,40,41,10,14,16,17,0,42,43,44,10,14,15,16,0,45,46,47,10,17,18,19,0,48,49,50,10,17,16,18,0,51,52,53,10,19,4,6,0,54,55,56,10,19,18,4,0,57,58,59,10,20,6,5,0,60,61,62,10,20,21,6,0,63,64,65,10,22,21,20,0,66,67,68,10,22,23,21,0,69,70,71,10,24,23,22,0,72,73,74,10,24,25,23,0,75,76,77,10,2,25,24,0,78,79,80,10,2,1,25,0,81,82,83,10,7,26,27,0,84,85,86,10,7,4,26,0,87,88,89,10,27,28,29,0,90,91,92,10,27,26,28,0,93,94,95,10,29,30,31,0,96,97,98,10,29,28,30,0,99,100,101,10,31,3,0,0,102,103,104,10,31,30,3,0,105,106,107]
}
