{
	"materials": [
	{
		"mapDiffuse": "textures/cop1_1.jpg",
		"mapDiffuseWrap": ["repeat", "repeat"]
	} ],
	"vertices": [-1264,2048,184,-1296,2048,162,-1264,2048,162,-1296,2048,184,-1296,2232,162,-1296,2232,184,-1264,2232,184,-1264,2232,162,-1280,2256,184,-1280,2256,162],
	"uvs": [[-19.75,3.875,-20.25,3.53125,-19.75,3.53125,-19.75,3.875,-20.25,3.875,-20.25,3.53125,32,3.875,34.875,3.53125,32,3.53125,32,3.875,34.875,3.875,34.875,3.53125,34.875,3.875,32,3.53125,34.875,3.53125,34.875,3.875,32,3.875,32,3.53125,-19.75,35.875,-20.25,33,-19.75,33,-19.75,35.875,-20.25,35.875,-20.25,33,-19.75,35.875,-20,36.25,-20.25,35.875,-20.25,35.875,-19.75,33,-20.25,33,-20.25,35.875,-19.75,35.875,-19.75,33,-20.25,35.875,-20,36.25,-19.75,35.875,34.875,3.875,35.25,3.53125,34.875,3.53125,34.875,3.875,35.25,3.875,35.25,3.53125,35.25,3.875,34.875,3.53125,35.25,3.53125,35.25,3.875,34.875,3.875,34.875,3.53125],[]],
	"faces": [10,0,1,2,0,0,1,2,10,0,3,1,0,3,4,5,10,3,4,1,0,6,7,8,10,3,5,4,0,9,10,11,10,6,2,7,0,12,13,14,10,6,0,2,0,15,16,17,10,6,3,0,0,18,19,20,10,6,5,3,0,21,22,23,10,6,8,5,0,24,25,26,10,4,2,1,0,27,28,29,10,4,7,2,0,30,31,32,10,4,9,7,0,33,34,35,10,5,9,4,0,36,37,38,10,5,8,9,0,39,40,41,10,8,7,9,0,42,43,44,10,8,6,7,0,45,46,47]
}
