{
	"materials": [
	{
		"mapDiffuse": "textures/trigger.jpg",
		"mapDiffuseWrap": ["repeat", "repeat"]
	} ],
	"vertices": [-1166,2302,148,-1078,2302,78,-1166,2302,78,-1078,2302,148,-1078,2006,148,-1166,2006,78,-1078,2006,78,-1166,2006,148,-1078,2230,78,-1078,2230,148,-1166,2230,78,-1166,2230,148,-1078,2078,148,-1166,2078,148,-1166,2078,78,-1078,2078,78],
	"uvs": [[-18.21875,3.3125,-16.84375,2.21875,-18.21875,2.21875,-18.21875,3.3125,-16.84375,3.3125,-16.84375,2.21875,-16.84375,3.3125,-18.21875,2.21875,-16.84375,2.21875,-16.84375,3.3125,-18.21875,3.3125,-18.21875,2.21875,35.96875,3.3125,34.84375,2.21875,35.96875,2.21875,35.96875,3.3125,34.84375,3.3125,34.84375,2.21875,34.84375,2.21875,31.34375,3.3125,31.34375,2.21875,34.84375,2.21875,34.84375,3.3125,31.34375,3.3125,34.84375,2.21875,35.96875,3.3125,35.96875,2.21875,34.84375,2.21875,34.84375,3.3125,35.96875,3.3125,31.34375,3.3125,34.84375,2.21875,31.34375,2.21875,31.34375,3.3125,34.84375,3.3125,34.84375,2.21875,-18.21875,32.34375,-16.84375,33.46875,-18.21875,33.46875,-18.21875,32.34375,-16.84375,32.34375,-16.84375,33.46875,-18.21875,33.46875,-16.84375,36.96875,-18.21875,36.96875,-18.21875,33.46875,-16.84375,33.46875,-16.84375,36.96875,-18.21875,33.46875,-16.84375,32.34375,-18.21875,32.34375,-18.21875,33.46875,-16.84375,33.46875,-16.84375,32.34375,-18.21875,36.96875,-16.84375,33.46875,-18.21875,33.46875,-18.21875,36.96875,-16.84375,36.96875,-16.84375,33.46875],[]],
	"faces": [10,0,1,2,0,0,1,2,10,0,3,1,0,3,4,5,10,4,5,6,0,6,7,8,10,4,7,5,0,9,10,11,10,3,8,1,0,12,13,14,10,3,9,8,0,15,16,17,10,8,4,6,0,18,19,20,10,8,9,4,0,21,22,23,10,10,0,2,0,24,25,26,10,10,11,0,0,27,28,29,10,7,10,5,0,30,31,32,10,7,11,10,0,33,34,35,10,7,12,13,0,36,37,38,10,7,4,12,0,39,40,41,10,13,3,0,0,42,43,44,10,13,12,3,0,45,46,47,10,14,6,5,0,48,49,50,10,14,15,6,0,51,52,53,10,2,15,14,0,54,55,56,10,2,1,15,0,57,58,59]
}
