{
	"materials": [
	{
		"mapDiffuse": "textures/trigger.jpg",
		"mapDiffuseWrap": ["repeat", "repeat"]
	} ],
	"vertices": [336,792,352,376,728,352,336,728,352,376,792,352,336,728,451,376,792,451,336,792,451,376,728,451],
	"uvs": [[5.25,13.375,5.875,12.375,5.25,12.375,5.25,13.375,5.875,13.375,5.875,12.375,5.25,12.375,5.875,13.375,5.25,13.375,5.25,12.375,5.875,12.375,5.875,13.375,5.25,8.046875,5.875,6.5,5.25,6.5,5.25,8.046875,5.875,8.046875,5.875,6.5,5.875,8.046875,5.25,6.5,5.875,6.5,5.875,8.046875,5.25,8.046875,5.25,6.5,12.375,8.046875,11.375,6.5,12.375,6.5,12.375,8.046875,11.375,8.046875,11.375,6.5,11.375,8.046875,12.375,6.5,11.375,6.5,11.375,8.046875,12.375,8.046875,12.375,6.5],[]],
	"faces": [10,0,1,2,0,0,1,2,10,0,3,1,0,3,4,5,10,4,5,6,0,6,7,8,10,4,7,5,0,9,10,11,10,6,3,0,0,12,13,14,10,6,5,3,0,15,16,17,10,7,2,1,0,18,19,20,10,7,4,2,0,21,22,23,10,5,1,3,0,24,25,26,10,5,7,1,0,27,28,29,10,4,0,2,0,30,31,32,10,4,6,0,0,33,34,35]
}
