{
	"materials": [
	{
		"mapDiffuse": "textures/dr07_1.jpg",
		"mapDiffuseWrap": ["repeat", "repeat"]
	} ],
	"vertices": [776,384,0,792,288,0,776,288,0,792,384,0,776,288,168,792,384,168,776,384,168,792,288,168],
	"uvs": [[4.55,3.2272727,4.65,2.681818,4.55,2.681818,4.55,3.2272727,4.65,3.2272727,4.65,2.681818,4.55,2.681818,4.65,3.2272727,4.55,3.2272727,4.55,2.681818,4.65,2.681818,4.65,3.2272727,4.65,2,4.55,1.0454545,4.65,1.0454545,4.65,2,4.55,2,4.55,1.0454545,4.55,2,4.65,1.0454545,4.55,1.0454545,4.55,2,4.65,2,4.65,1.0454545,1.5,2,2.1,1.0454545,1.5,1.0454545,1.5,2,2.1,2,2.1,1.0454545,2.1,2,1.5,1.0454545,2.1,1.0454545,2.1,2,1.5,2,1.5,1.0454545],[]],
	"faces": [10,0,1,2,0,0,1,2,10,0,3,1,0,3,4,5,10,4,5,6,0,6,7,8,10,4,7,5,0,9,10,11,10,7,2,1,0,12,13,14,10,7,4,2,0,15,16,17,10,6,3,0,0,18,19,20,10,6,5,3,0,21,22,23,10,4,0,2,0,24,25,26,10,4,6,0,0,27,28,29,10,5,1,3,0,30,31,32,10,5,7,1,0,33,34,35]
}
