{
	"materials": [
	{
		"mapDiffuse": "textures/trigger.jpg",
		"mapDiffuseWrap": ["repeat", "repeat"]
	} ],
	"vertices": [-711,400,95,-706,431,95,-711,431,95,-706,400,95,-711,431,63,-706,400,63,-711,400,63,-706,431,63],
	"uvs": [[-11.109375,7.25,-11.03125,7.734375,-11.109375,7.734375,-11.109375,7.25,-11.03125,7.25,-11.03125,7.734375,-11.109375,7.734375,-11.03125,7.25,-11.109375,7.25,-11.109375,7.734375,-11.03125,7.734375,-11.03125,7.25,-11.03125,2.484375,-11.109375,1.984375,-11.03125,1.984375,-11.03125,2.484375,-11.109375,2.484375,-11.109375,1.984375,-11.109375,2.484375,-11.03125,1.984375,-11.109375,1.984375,-11.109375,2.484375,-11.03125,2.484375,-11.03125,1.984375,6.734375,2.484375,6.25,1.984375,6.734375,1.984375,6.734375,2.484375,6.25,2.484375,6.25,1.984375,6.25,2.484375,6.734375,1.984375,6.25,1.984375,6.25,2.484375,6.734375,2.484375,6.734375,1.984375],[]],
	"faces": [10,0,1,2,0,0,1,2,10,0,3,1,0,3,4,5,10,4,5,6,0,6,7,8,10,4,7,5,0,9,10,11,10,3,6,5,0,12,13,14,10,3,0,6,0,15,16,17,10,2,7,4,0,18,19,20,10,2,1,7,0,21,22,23,10,1,5,7,0,24,25,26,10,1,3,5,0,27,28,29,10,0,4,6,0,30,31,32,10,0,2,4,0,33,34,35]
}
