{
	"materials": [
	{
		"mapDiffuse": "textures/dr02_1.jpg",
		"mapDiffuseWrap": ["repeat", "repeat"]
	} ],
	"vertices": [808,-544,0,824,-492,0,808,-492,0,824,-544,0,824,-448,0,808,-448,0,808,-492,-128,824,-544,-128,808,-544,-128,824,-492,-128,808,-448,-128,824,-448,-128],
	"uvs": [[13.125,-3.25,13.375,-2.84375,13.125,-2.84375,13.125,-3.25,13.375,-3.25,13.375,-2.84375,12.625,-2.84375,12.875,-2.5,12.625,-2.5,12.625,-2.84375,12.875,-2.84375,12.875,-2.5,13.125,-2.84375,13.375,-3.25,13.125,-3.25,13.125,-2.84375,13.375,-2.84375,13.375,-3.25,12.625,-2.5,12.875,-2.84375,12.625,-2.84375,12.625,-2.5,12.875,-2.5,12.875,-2.84375,12.625,1,12.875,0,12.625,0,12.625,1,12.875,1,12.875,0,13.375,1,13.125,0,13.375,0,13.375,1,13.125,1,13.125,0,-7.1875,1,-8,0,-7.1875,0,-7.1875,1,-8,1,-8,0,-7,1,-7.6875,0,-7,0,-7,1,-7.6875,1,-7.6875,0,-8,1,-7.1875,0,-8,0,-8,1,-7.1875,1,-7.1875,0,-7.6875,1,-7,0,-7.6875,0,-7.6875,1,-7,1,-7,0],[]],
	"faces": [10,0,1,2,0,0,1,2,10,0,3,1,0,3,4,5,10,2,4,5,0,6,7,8,10,2,1,4,0,9,10,11,10,6,7,8,0,12,13,14,10,6,9,7,0,15,16,17,10,10,9,6,0,18,19,20,10,10,11,9,0,21,22,23,10,5,11,10,0,24,25,26,10,5,4,11,0,27,28,29,10,3,8,7,0,30,31,32,10,3,0,8,0,33,34,35,10,1,7,9,0,36,37,38,10,1,3,7,0,39,40,41,10,4,9,11,0,42,43,44,10,4,1,9,0,45,46,47,10,0,6,8,0,48,49,50,10,0,2,6,0,51,52,53,10,2,10,6,0,54,55,56,10,2,5,10,0,57,58,59]
}
