{
	"materials": [
	{
		"mapDiffuse": "textures/rock4_2.jpg",
		"mapDiffuseWrap": ["repeat", "repeat"]
	} ],
	"vertices": [1312,-72,56,1288,-176,56,1352,-176,56,1248,-88,56,1248,-72,56,1288,-176,-144,1352,-176,-144,1312,-72,-184,1248,-72,-184,1248,-88,-177.84616],
	"uvs": [[10.25,0.4375,10.0625,-0.375,10.5625,-0.375,10.25,0.4375,9.75,0.3125,10.0625,-0.375,10.25,0.4375,9.75,0.4375,9.75,0.3125,10.5625,1.4375,10.0625,-0.125,10.5625,-0.125,10.5625,1.4375,10.0625,1.4375,10.0625,-0.125,9.75,1.4375,10.25,-0.4375,9.75,-0.4375,9.75,1.4375,10.25,1.4375,10.25,-0.4375,-0.6875,1.4375,-0.5625,-0.4375,-0.6875,-0.38942313,-0.6875,1.4375,-0.5625,1.4375,-0.5625,-0.4375,9.75,0.3125,10.5625,-0.375,10.0625,-0.375,9.75,0.3125,10.25,0.4375,10.5625,-0.375,9.75,0.3125,9.75,0.4375,10.25,0.4375,-0.5625,1.4375,-1.375,-0.125,-0.5625,-0.4375,-0.5625,1.4375,-1.375,1.4375,-1.375,-0.125,-1.375,1.4375,-0.6875,-0.38942313,-1.375,-0.125,-1.375,1.4375,-0.6875,1.4375,-0.6875,-0.38942313],[]],
	"faces": [10,0,1,2,0,0,1,2,10,0,3,1,0,3,4,5,10,0,4,3,0,6,7,8,10,2,5,6,0,9,10,11,10,2,1,5,0,12,13,14,10,4,7,8,0,15,16,17,10,4,0,7,0,18,19,20,10,3,8,9,0,21,22,23,10,3,4,8,0,24,25,26,10,9,6,5,0,27,28,29,10,9,7,6,0,30,31,32,10,9,8,7,0,33,34,35,10,0,6,7,0,36,37,38,10,0,2,6,0,39,40,41,10,1,9,5,0,42,43,44,10,1,3,9,0,45,46,47]
}
