{
	"materials": [
	{
		"mapDiffuse": "textures/+0button.jpg",
		"mapDiffuseWrap": ["repeat", "repeat"]
	} ],
	"vertices": [-48,96,-48,-40,144,-48,-48,144,-48,-40,96,-48,-40,144,-96,-48,144,-96,-40,96,-96,-48,96,-96],
	"uvs": [[-1,3,-0.8333333,4,-1,4,-1,3,-0.8333333,3,-0.8333333,4,-1,0,-0.8333333,-1,-1,-1,-1,0,-0.8333333,0,-0.8333333,-1,-1,4,-0.8333333,3,-1,3,-1,4,-0.8333333,4,-0.8333333,3,-0.8333333,0,-1,-1,-0.8333333,-1,-0.8333333,0,-1,0,-1,-1,2,0,3,-1,2,-1,2,0,3,0,3,-1,3,0,2,-1,3,-1,3,0,2,0,2,-1],[]],
	"faces": [10,0,1,2,0,0,1,2,10,0,3,1,0,3,4,5,10,2,4,5,0,6,7,8,10,2,1,4,0,9,10,11,10,5,6,7,0,12,13,14,10,5,4,6,0,15,16,17,10,3,7,6,0,18,19,20,10,3,0,7,0,21,22,23,10,0,5,7,0,24,25,26,10,0,2,5,0,27,28,29,10,1,6,4,0,30,31,32,10,1,3,6,0,33,34,35]
}
