{
	"materials": [
	{
		"mapDiffuse": "textures/cop1_1.jpg",
		"mapDiffuseWrap": ["repeat", "repeat"]
	} ],
	"vertices": [328,1335,-127,328,1353,-145,328,1335,-145,328,1353,-127,328,1335,-63,328,1353,-81,328,1335,-81,328,1353,-63,328,1335,-95,328,1353,-113,328,1335,-113,328,1353,-95,400,1344,-104,400,1344,-72,400,1344,-136],
	"uvs": [[20.859375,-0.984375,21.140625,-1.265625,20.859375,-1.265625,20.859375,-0.984375,21.140625,-0.984375,21.140625,-1.265625,20.859375,0.015625,21.140625,-0.265625,20.859375,-0.265625,20.859375,0.015625,21.140625,0.015625,21.140625,-0.265625,20.859375,-0.484375,21.140625,-0.765625,20.859375,-0.765625,20.859375,-0.484375,21.140625,-0.484375,21.140625,-0.765625,5.125,-0.765625,5.125,-0.484375,6.25,-0.625,5.125,-0.265625,5.125,0.015625,6.25,-0.125,5.125,-1.265625,5.125,-0.984375,6.25,-1.125,6.25,22,5.125,21.859375,5.125,22.140625,6.25,-0.125,5.125,0.015625,5.125,-0.265625,5.125,22.140625,5.125,21.859375,6.25,22,6.25,-0.625,5.125,-0.484375,5.125,-0.765625,6.25,-1.125,5.125,-0.984375,5.125,-1.265625,6.25,22,5.125,21.859375,5.125,22.140625,5.125,22.140625,5.125,21.859375,6.25,22,5.125,22.140625,5.125,21.859375,6.25,22,6.25,22,5.125,21.859375,5.125,22.140625],[]],
	"faces": [10,0,1,2,0,0,1,2,10,0,3,1,0,3,4,5,10,4,5,6,0,6,7,8,10,4,7,5,0,9,10,11,10,8,9,10,0,12,13,14,10,8,11,9,0,15,16,17,10,9,11,12,0,18,19,20,10,5,7,13,0,21,22,23,10,1,3,14,0,24,25,26,10,13,6,5,0,27,28,29,10,13,4,6,0,30,31,32,10,7,4,13,0,33,34,35,10,12,8,10,0,36,37,38,10,14,0,2,0,39,40,41,10,12,10,9,0,42,43,44,10,11,8,12,0,45,46,47,10,3,0,14,0,48,49,50,10,14,2,1,0,51,52,53]
}
