{
	"materials": [
	{
		"mapDiffuse": "textures/city4_7.jpg",
		"mapDiffuseWrap": ["repeat", "repeat"]
	} ],
	"vertices": [1360,3056,272,1360,3035.2,256,1360,3056,256,1360,3035.2,272,1360,2916.6155,272,1360,2928,256,1360,2916.6155,256,1360,2928,272,1648,2776,272,1518.9565,2776,256,1648,2776,256,1518.9565,2776,272,1584,2776,256,1584,2833.6,256,1479.1652,2811.2,256,1584,2811.2,256,1584,2833.6,272,1584,2776,272,1584,2811.2,272,1479.1652,2811.2,272,1008,2560,272,1002.6667,2560,256,1008,2560,256,1002.6667,2560,272,848,2784,256,848,3008,272,848,3008,256,848,2784,272,848,2560,272,848,2560,256,1232,2928,256,1232,2928,272,1008,2928,272,1008,2928,256,896,3008,256,896,3056,272,896,3056,256,896,3008,272,1120,3056,256,1120,3056,272,1120,2928,256,896,2928,256,1120,2928,272,896,2928,272,848,2928,256,848,2928,272,1008,2784,272,1008,2784,256,1008,2704,272,848,2704,272,848,2704,256,1008,2704,256,906.6667,2272,272,752,2272,256,906.6667,2272,256,752,2272,272,976,2560,272,976,2480,272,928,2336,272,773.3333,2336,272,976,2480,256,976,2560,256,773.3333,2336,256,928,2336,256,981.3333,2496,256,981.3333,2496,272,826.6667,2496,256,826.6667,2496,272],
	"uvs": [[47.75,5.25,47.425,5,47.75,5,47.75,5.25,47.425,5.25,47.425,5,45.572117,5.25,45.75,5,45.572117,5,45.572117,5.25,45.75,5.25,45.75,5,25.75,5.25,23.733696,5,25.75,5,25.75,5.25,23.733696,5.25,23.733696,5,25.75,44.375,24.75,44.375,24.75,45.275,23.111956,44.925,24.75,44.375,23.733696,44.375,23.111956,44.925,24.75,44.925,24.75,44.375,24.75,45.275,21.25,46.572117,21.25,48.425,24.75,45.275,23.111956,44.925,21.25,46.572117,24.75,45.275,24.75,44.925,23.111956,44.925,24.75,45.275,24.75,44.375,25.75,44.375,23.733696,44.375,24.75,44.925,23.111956,44.925,23.733696,44.375,24.75,44.375,24.75,44.925,23.111956,44.925,21.25,48.425,21.25,46.572117,23.111956,44.925,24.75,45.275,21.25,48.425,23.111956,44.925,24.75,44.925,24.75,45.275,23.733696,5.25,21.25,5,23.733696,5,23.733696,5.25,21.25,5.25,21.25,5,24.75,5,25.75,5.25,25.75,5,24.75,5,24.75,5.25,25.75,5.25,21.25,5.25,24.75,5,21.25,5,21.25,5.25,24.75,5.25,24.75,5,15.75,5.25,15.666667,5,15.75,5,15.75,5.25,15.666667,5.25,15.666667,5,43.5,5,47,5.25,47,5,43.5,5,43.5,5.25,47,5.25,40,5.25,43.5,5,40,5,40,5.25,43.5,5.25,43.5,5,21.25,5.25,19.25,5,21.25,5,21.25,5.25,19.25,5.25,19.25,5,19.25,5,15.75,5.25,15.75,5,19.25,5,19.25,5.25,15.75,5.25,47,5,47.75,5.25,47.75,5,47,5,47,5.25,47.75,5.25,17.5,5,21.25,5.25,21.25,5,17.5,5,17.5,5.25,21.25,5.25,14,5.25,17.5,5,14,5,14,5.25,17.5,5.25,17.5,5,17.5,46.75,21.25,48.75,21.25,46.75,17.5,46.75,17.5,48.75,21.25,48.75,14,48.75,17.5,46.75,14,46.75,14,48.75,17.5,48.75,17.5,46.75,17.5,48.75,21.25,46.75,21.25,48.75,17.5,48.75,17.5,46.75,21.25,46.75,14,46.75,17.5,48.75,14,48.75,14,46.75,17.5,46.75,17.5,48.75,13.25,5.25,14,5,13.25,5,13.25,5.25,14,5.25,14,5,13.25,48,14,46.75,13.25,46.75,13.25,48,14,48,14,46.75,13.25,46.75,14,48,13.25,48,13.25,46.75,14,46.75,14,48,45.75,5,43.5,5.25,43.5,5,45.75,5,45.75,5.25,43.5,5.25,43.5,5,40,5.25,40,5,43.5,5,43.5,5.25,40,5.25,13.25,41,15.75,43.25,13.25,43.25,13.25,41,15.75,41,15.75,43.25,13.25,43.25,15.75,46.75,13.25,46.75,13.25,43.25,15.75,43.25,15.75,46.75,13.25,43.25,15.75,41,13.25,41,13.25,43.25,15.75,43.25,15.75,41,13.25,46.75,15.75,43.25,13.25,43.25,13.25,46.75,15.75,46.75,15.75,43.25,14.166667,5.25,11.75,5,14.166667,5,14.166667,5.25,11.75,5.25,11.75,5,15.25,41,15.25,39.75,15.666667,41,11.75,36.5,14.5,37.5,12.083333,37.5,11.75,36.5,14.166667,36.5,14.5,37.5,12.083333,37.5,15.25,41,13.25,41,12.083333,37.5,15.25,39.75,15.25,41,12.083333,37.5,14.5,37.5,15.25,39.75,15.25,39.75,15.25,41,15.666667,41,12.083333,37.5,14.166667,36.5,11.75,36.5,12.083333,37.5,14.5,37.5,14.166667,36.5,13.25,41,14.5,37.5,12.083333,37.5,13.25,41,15.25,39.75,14.5,37.5,13.25,41,15.25,41,15.25,39.75,40,5.25,39,5,40,5,40,5.25,39,5.25,39,5,39,5,35.5,5.25,35.5,5,39,5,39,5.25,35.5,5.25,39,5,40,5.25,40,5,39,5,39,5.25,40,5.25,35.5,5.25,39,5,35.5,5,35.5,5.25,39,5.25,39,5],[]],
	"faces": [10,0,1,2,0,0,1,2,10,0,3,1,0,3,4,5,10,4,5,6,0,6,7,8,10,4,7,5,0,9,10,11,10,8,9,10,0,12,13,14,10,8,11,9,0,15,16,17,10,10,12,13,0,18,19,20,10,14,12,9,0,21,22,23,10,14,15,12,0,24,25,26,10,13,6,1,0,27,28,29,10,13,14,6,0,30,31,32,10,13,15,14,0,33,34,35,10,16,17,8,0,36,37,38,10,11,18,19,0,39,40,41,10,11,17,18,0,42,43,44,10,19,3,4,0,45,46,47,10,19,16,3,0,48,49,50,10,19,18,16,0,51,52,53,10,11,6,9,0,54,55,56,10,11,4,6,0,57,58,59,10,13,8,10,0,60,61,62,10,13,16,8,0,63,64,65,10,3,13,1,0,66,67,68,10,3,16,13,0,69,70,71,10,20,21,22,0,72,73,74,10,20,23,21,0,75,76,77,10,24,25,26,0,78,79,80,10,24,27,25,0,81,82,83,10,28,24,29,0,84,85,86,10,28,27,24,0,87,88,89,10,7,30,5,0,90,91,92,10,7,31,30,0,93,94,95,10,30,32,33,0,96,97,98,10,30,31,32,0,99,100,101,10,34,35,36,0,102,103,104,10,34,37,35,0,105,106,107,10,38,0,2,0,108,109,110,10,38,39,0,0,111,112,113,10,35,38,36,0,114,115,116,10,35,39,38,0,117,118,119,10,40,2,5,0,120,121,122,10,40,38,2,0,123,124,125,10,36,40,41,0,126,127,128,10,36,38,40,0,129,130,131,10,39,7,0,0,132,133,134,10,39,42,7,0,135,136,137,10,43,39,35,0,138,139,140,10,43,42,39,0,141,142,143,10,25,34,26,0,144,145,146,10,25,37,34,0,147,148,149,10,26,41,44,0,150,151,152,10,26,34,41,0,153,154,155,10,45,37,25,0,156,157,158,10,45,43,37,0,159,160,161,10,33,46,47,0,162,163,164,10,33,32,46,0,165,166,167,10,47,20,22,0,168,169,170,10,47,46,20,0,171,172,173,10,28,48,49,0,174,175,176,10,28,20,48,0,177,178,179,10,49,32,45,0,180,181,182,10,49,48,32,0,183,184,185,10,50,22,29,0,186,187,188,10,50,51,22,0,189,190,191,10,44,51,50,0,192,193,194,10,44,33,51,0,195,196,197,10,52,53,54,0,198,199,200,10,52,55,53,0,201,202,203,10,56,57,23,0,204,205,206,10,55,58,59,0,207,208,209,10,55,52,58,0,210,211,212,10,59,56,28,0,213,214,215,10,59,57,56,0,216,217,218,10,59,58,57,0,219,220,221,10,60,61,21,0,222,223,224,10,62,54,53,0,225,226,227,10,62,63,54,0,228,229,230,10,29,63,62,0,231,232,233,10,29,60,63,0,234,235,236,10,29,61,60,0,237,238,239,10,23,64,21,0,240,241,242,10,23,65,64,0,243,244,245,10,64,52,54,0,246,247,248,10,64,65,52,0,249,250,251,10,66,28,29,0,252,253,254,10,66,67,28,0,255,256,257,10,55,66,53,0,258,259,260,10,55,67,66,0,261,262,263]
}
