{
	"materials": [
	{
		"mapDiffuse": "textures/+0button.jpg",
		"mapDiffuseWrap": ["repeat", "repeat"]
	} ],
	"vertices": [-8,296,224,8,288,224,-8,288,224,8,296,224,-8,288,240,8,296,240,-8,296,240,8,288,240],
	"uvs": [[0.33333334,6.8333335,0.6666667,6.6666665,0.33333334,6.6666665,0.33333334,6.8333335,0.6666667,6.8333335,0.6666667,6.6666665,0.33333334,6.6666665,0.6666667,6.8333335,0.33333334,6.8333335,0.33333334,6.6666665,0.6666667,6.6666665,0.6666667,6.8333335,6.5,5.6666665,6.6666665,5.3333335,6.5,5.3333335,6.5,5.6666665,6.6666665,5.6666665,6.6666665,5.3333335,6.6666665,5.6666665,6.5,5.3333335,6.6666665,5.3333335,6.6666665,5.6666665,6.5,5.6666665,6.5,5.3333335,0.6666667,5.6666665,0.33333334,5.3333335,0.6666667,5.3333335,0.6666667,5.6666665,0.33333334,5.6666665,0.33333334,5.3333335,0.33333334,5.6666665,0.6666667,5.3333335,0.33333334,5.3333335,0.33333334,5.6666665,0.6666667,5.6666665,0.6666667,5.3333335],[]],
	"faces": [10,0,1,2,0,0,1,2,10,0,3,1,0,3,4,5,10,4,5,6,0,6,7,8,10,4,7,5,0,9,10,11,10,4,0,2,0,12,13,14,10,4,6,0,0,15,16,17,10,5,1,3,0,18,19,20,10,5,7,1,0,21,22,23,10,7,2,1,0,24,25,26,10,7,4,2,0,27,28,29,10,6,3,0,0,30,31,32,10,6,5,3,0,33,34,35]
}
