{
	"materials": [
	{
		"mapDiffuse": "textures/wbrick1_5.jpg",
		"mapDiffuseWrap": ["repeat", "repeat"]
	} ],
	"vertices": [-208,496,-896,-192,552,-896,-208,552,-896,-192,496,-896,-208,592,-1072,-192,496,-1072,-208,496,-1072,-192,592,-1072,-208,592,-960,-192,592,-960,-192,568.9231,-906.1539,-208,568.9231,-906.1539],
	"uvs": [[6.25,8.75,6,9.625,6.25,9.625,6.25,8.75,6,8.75,6,9.625,6.25,10.25,6,8.75,6.25,8.75,6.25,10.25,6,10.25,6,8.75,6.25,-14,6,-15.75,6.25,-15.75,6.25,-14,6,-14,6,-15.75,6,-13,6.25,-15.75,6,-15.75,6,-13,6.25,-13,6.25,-15.75,-4.75,-15.75,-5.625,-13,-4.75,-13,-4.75,-15.75,-5.8894234,-13.158654,-5.625,-13,-4.75,-15.75,-6.25,-14,-5.8894234,-13.158654,-4.75,-15.75,-6.25,-15.75,-6.25,-14,-6.25,-15.75,-5.8894234,-13.158654,-6.25,-14,-6.25,-15.75,-5.625,-13,-5.8894234,-13.158654,-6.25,-15.75,-4.75,-13,-5.625,-13,-6.25,-15.75,-4.75,-15.75,-4.75,-13,6.25,-13.158654,6,-14,6.25,-14,6.25,-13.158654,6,-13.158654,6,-14,6.25,9.625,6,9.889423,6.25,9.889423,6.25,9.625,6,9.625,6,9.889423],[]],
	"faces": [10,0,1,2,0,0,1,2,10,0,3,1,0,3,4,5,10,4,5,6,0,6,7,8,10,4,7,5,0,9,10,11,10,8,7,4,0,12,13,14,10,8,9,7,0,15,16,17,10,3,6,5,0,18,19,20,10,3,0,6,0,21,22,23,10,5,1,3,0,24,25,26,10,5,10,1,0,27,28,29,10,5,9,10,0,30,31,32,10,5,7,9,0,33,34,35,10,4,11,8,0,36,37,38,10,4,2,11,0,39,40,41,10,4,0,2,0,42,43,44,10,4,6,0,0,45,46,47,10,11,9,8,0,48,49,50,10,11,10,9,0,51,52,53,10,2,10,11,0,54,55,56,10,2,1,10,0,57,58,59]
}
