{
	"materials": [
	{
		"mapDiffuse": "textures/wbrick1_5.jpg",
		"mapDiffuseWrap": ["repeat", "repeat"]
	} ],
	"vertices": [-208,440,-896,-192,496,-896,-208,496,-896,-192,440,-896,-208,496,-1072,-192,400,-1072,-208,400,-1072,-192,496,-1072,-192,400,-960,-208,400,-960,-192,423.07693,-906.1539,-208,423.07693,-906.1539],
	"uvs": [[6.25,7.875,6,8.75,6.25,8.75,6.25,7.875,6,7.875,6,8.75,6.25,8.75,6,7.25,6.25,7.25,6.25,8.75,6,8.75,6,7.25,6,-14,6.25,-15.75,6,-15.75,6,-14,6.25,-14,6.25,-15.75,6.25,-13,6,-15.75,6.25,-15.75,6.25,-13,6,-13,6,-15.75,-4.75,-13,-3.25,-15.75,-4.75,-15.75,-4.75,-13,-3.25,-14,-3.25,-15.75,-4.75,-13,-3.610577,-13.158654,-3.25,-14,-4.75,-13,-3.875,-13,-3.610577,-13.158654,-4.75,-15.75,-3.875,-13,-4.75,-13,-4.75,-15.75,-3.610577,-13.158654,-3.875,-13,-4.75,-15.75,-3.25,-14,-3.610577,-13.158654,-4.75,-15.75,-3.25,-15.75,-3.25,-14,6.25,7.610577,6,7.875,6.25,7.875,6.25,7.610577,6,7.610577,6,7.875,6,-13.158654,6.25,-14,6,-14,6,-13.158654,6.25,-13.158654,6.25,-14],[]],
	"faces": [10,0,1,2,0,0,1,2,10,0,3,1,0,3,4,5,10,4,5,6,0,6,7,8,10,4,7,5,0,9,10,11,10,8,6,5,0,12,13,14,10,8,9,6,0,15,16,17,10,2,7,4,0,18,19,20,10,2,1,7,0,21,22,23,10,1,5,7,0,24,25,26,10,1,8,5,0,27,28,29,10,1,10,8,0,30,31,32,10,1,3,10,0,33,34,35,10,4,0,2,0,36,37,38,10,4,11,0,0,39,40,41,10,4,9,11,0,42,43,44,10,4,6,9,0,45,46,47,10,11,3,0,0,48,49,50,10,11,10,3,0,51,52,53,10,10,9,8,0,54,55,56,10,10,11,9,0,57,58,59]
}
