{
	"materials": [
	{
		"mapDiffuse": "textures/metal1_7.jpg",
		"mapDiffuseWrap": ["repeat", "repeat"]
	} ],
	"vertices": [1912,1728,-216,1920,1840,-216,1912,1840,-216,1920,1728,-216,1912,1840,-345,1920,1728,-345,1912,1728,-345,1920,1840,-345,1912,1728,-337,1912,1736,-224,1912,1736,-337,1912,1728,-224,1912,1768,-336,1912,1832,-337,1912,1768,-337,1912,1832,-336,1912,1768,-224,1912,1832,-225,1912,1768,-225,1912,1832,-224,1912,1800,-225,1912,1808,-336,1912,1800,-336,1912,1808,-225,1912,1840,-224,1912,1736,-225,1912,1760,-224,1912,1760,-225,1912,1840,-337,1912,1760,-337,1912,1760,-336,1912,1736,-336,1920,1736,-337,1920,1728,-224,1920,1728,-337,1920,1736,-224,1920,1768,-337,1920,1832,-336,1920,1768,-336,1920,1832,-337,1920,1768,-225,1920,1832,-224,1920,1768,-224,1920,1832,-225,1920,1808,-225,1920,1800,-336,1920,1808,-336,1920,1800,-225,1920,1840,-224,1920,1760,-225,1920,1736,-225,1920,1760,-224,1920,1840,-337,1920,1760,-337,1920,1736,-336,1920,1760,-336],
	"uvs": [[29.875,28,30,29.75,29.875,29.75,29.875,28,30,28,30,29.75,29.875,29.75,30,28,29.875,28,29.875,29.75,30,29.75,30,28,29.875,-2.375,30,-4.390625,30,-2.375,29.875,-2.375,29.875,-4.390625,30,-4.390625,29.875,-4.390625,30,-2.375,30,-4.390625,29.875,-4.390625,29.875,-2.375,30,-2.375,27,-4.265625,27.125,-2.5,27.125,-4.265625,27,-4.265625,27,-2.5,27.125,-2.5,27.625,-4.25,28.625,-4.265625,27.625,-4.265625,27.625,-4.25,28.625,-4.25,28.625,-4.265625,27.625,-2.5,28.625,-2.515625,27.625,-2.515625,27.625,-2.5,28.625,-2.5,28.625,-2.515625,28.125,-2.515625,28.25,-4.25,28.125,-4.25,28.125,-2.515625,28.25,-2.515625,28.25,-4.25,27,-2.375,28.75,-2.5,27,-2.5,27,-2.375,28.75,-2.375,28.75,-2.5,27.125,-2.515625,27.5,-2.5,27.5,-2.515625,27.125,-2.515625,27.125,-2.5,27.5,-2.5,28.625,-4.265625,28.75,-2.5,28.75,-4.265625,28.625,-4.265625,28.625,-2.5,28.75,-2.5,27.5,-4.265625,27.625,-2.5,27.625,-4.265625,27.5,-4.265625,27.5,-2.5,27.625,-2.5,27,-4.265625,28.75,-4.390625,27,-4.390625,27,-4.265625,28.75,-4.265625,28.75,-4.390625,27.125,-4.265625,27.5,-4.25,27.5,-4.265625,27.125,-4.265625,27.125,-4.25,27.5,-4.25,27.125,-4.265625,27,-2.5,27,-4.265625,27.125,-4.265625,27.125,-2.5,27,-2.5,27.625,-4.265625,28.625,-4.25,27.625,-4.25,27.625,-4.265625,28.625,-4.265625,28.625,-4.25,27.625,-2.515625,28.625,-2.5,27.625,-2.5,27.625,-2.515625,28.625,-2.515625,28.625,-2.5,28.25,-2.515625,28.125,-4.25,28.25,-4.25,28.25,-2.515625,28.125,-2.515625,28.125,-4.25,28.75,-2.375,27,-2.5,28.75,-2.5,28.75,-2.375,27,-2.375,27,-2.5,27.5,-2.515625,27.125,-2.5,27.125,-2.515625,27.5,-2.515625,27.5,-2.5,27.125,-2.5,28.75,-4.265625,28.625,-2.5,28.625,-4.265625,28.75,-4.265625,28.75,-2.5,28.625,-2.5,27.625,-4.265625,27.5,-2.5,27.5,-4.265625,27.625,-4.265625,27.625,-2.5,27.5,-2.5,28.75,-4.265625,27,-4.390625,28.75,-4.390625,28.75,-4.265625,27,-4.265625,27,-4.390625,27.5,-4.265625,27.125,-4.25,27.125,-4.265625,27.5,-4.265625,27.5,-4.25,27.125,-4.25,29.875,-2.515625,30,-4.25,29.875,-4.25,29.875,-2.515625,30,-2.515625,30,-4.25,29.875,28.625,30,29.125,29.875,29.125,29.875,28.625,30,28.625,30,29.125,29.875,29.25,30,29.625,29.875,29.625,29.875,29.25,30,29.25,30,29.625,29.875,29.125,30,28.625,29.875,28.625,29.875,29.125,30,29.125,30,28.625,29.875,29.625,30,29.25,29.875,29.25,29.875,29.625,30,29.625,30,29.25,30,-2.515625,29.875,-4.25,30,-4.25,30,-2.515625,29.875,-2.515625,29.875,-4.25,29.875,-2.515625,30,-4.25,29.875,-4.25,29.875,-2.515625,30,-2.515625,30,-4.25,30,-2.515625,29.875,-4.25,30,-4.25,30,-2.515625,29.875,-2.515625,29.875,-4.25,29.875,28.125,30,28.5,29.875,28.5,29.875,28.125,30,28.125,30,28.5,29.875,28.5,30,28.125,29.875,28.125,29.875,28.5,30,28.5,30,28.125,30,-2.515625,29.875,-4.25,30,-4.25,30,-2.515625,29.875,-2.515625,29.875,-4.25,29.875,-2.515625,30,-4.25,29.875,-4.25,29.875,-2.515625,30,-2.515625,30,-4.25],[]],
	"faces": [10,0,1,2,0,0,1,2,10,0,3,1,0,3,4,5,10,4,5,6,0,6,7,8,10,4,7,5,0,9,10,11,10,0,5,3,0,12,13,14,10,0,6,5,0,15,16,17,10,4,1,7,0,18,19,20,10,4,2,1,0,21,22,23,10,8,9,10,0,24,25,26,10,8,11,9,0,27,28,29,10,12,13,14,0,30,31,32,10,12,15,13,0,33,34,35,10,16,17,18,0,36,37,38,10,16,19,17,0,39,40,41,10,20,21,22,0,42,43,44,10,20,23,21,0,45,46,47,10,0,24,11,0,48,49,50,10,0,2,24,0,51,52,53,10,25,26,27,0,54,55,56,10,25,9,26,0,57,58,59,10,13,24,28,0,60,61,62,10,13,19,24,0,63,64,65,10,29,16,14,0,66,67,68,10,29,26,16,0,69,70,71,10,8,4,6,0,72,73,74,10,8,28,4,0,75,76,77,10,10,30,29,0,78,79,80,10,10,31,30,0,81,82,83,10,32,33,34,0,84,85,86,10,32,35,33,0,87,88,89,10,36,37,38,0,90,91,92,10,36,39,37,0,93,94,95,10,40,41,42,0,96,97,98,10,40,43,41,0,99,100,101,10,44,45,46,0,102,103,104,10,44,47,45,0,105,106,107,10,1,33,48,0,108,109,110,10,1,3,33,0,111,112,113,10,49,35,50,0,114,115,116,10,49,51,35,0,117,118,119,10,52,41,39,0,120,121,122,10,52,48,41,0,123,124,125,10,36,51,53,0,126,127,128,10,36,42,51,0,129,130,131,10,52,5,7,0,132,133,134,10,52,34,5,0,135,136,137,10,53,54,32,0,138,139,140,10,53,55,54,0,141,142,143,10,18,38,12,0,144,145,146,10,18,40,38,0,147,148,149,10,12,45,22,0,150,151,152,10,12,38,45,0,153,154,155,10,21,37,15,0,156,157,158,10,21,46,37,0,159,160,161,10,20,40,18,0,162,163,164,10,20,47,40,0,165,166,167,10,17,44,23,0,168,169,170,10,17,43,44,0,171,172,173,10,47,22,45,0,174,175,176,10,47,20,22,0,177,178,179,10,23,46,21,0,180,181,182,10,23,44,46,0,183,184,185,10,43,15,37,0,186,187,188,10,43,17,15,0,189,190,191,10,31,55,30,0,192,193,194,10,31,54,55,0,195,196,197,10,27,50,25,0,198,199,200,10,27,49,50,0,201,202,203,10,49,30,55,0,204,205,206,10,49,27,30,0,207,208,209,10,25,54,31,0,210,211,212,10,25,50,54,0,213,214,215]
}
