{
	"materials": [
	{
		"mapDiffuse": "textures/metal4_5.jpg",
		"mapDiffuseWrap": ["repeat", "repeat"]
	} ],
	"vertices": [2248,840,-108,2272,832,-108,2248,832,-108,2272,840,-108,2192,840,-108,2216,816,-108,2192,816,-108,2216,840,-108,2248,824,-108,2272,816,-108,2248,816,-108,2272,824,-108,2176,848,-37,2176,928,-52,2176,848,-52,2176,928,-37,2296,928,-37,2296,848,-52,2296,928,-52,2296,848,-37,2296,886.80597,-52,2176,886.80597,-52,2216,862.80597,-52,2248,886.80597,-52,2248,862.80597,-52,2216,886.80597,-52,2272,862.80597,-52,2296,862.80597,-52,2272,886.80597,-52,2176,862.80597,-52,2192,862.80597,-52,2192,886.80597,-52,2248,824,-89,2248,831.8806,-89,2248,824,-98.42857,2272,824,-98.42857,2272,831.8806,-89,2272,824,-89,2248,832,-228,2272,824,-228,2248,824,-228,2272,832,-228],
	"uvs": [[35.125,14.125,35.5,14,35.125,14,35.125,14.125,35.5,14.125,35.5,14,34.25,14.125,34.625,13.75,34.25,13.75,34.25,14.125,34.625,14.125,34.625,13.75,35.125,13.875,35.5,13.75,35.125,13.75,35.125,13.875,35.5,13.875,35.5,13.75,13.25,0.421875,14.5,0.1875,13.25,0.1875,13.25,0.421875,14.5,0.421875,14.5,0.1875,14.5,0.421875,13.25,0.1875,14.5,0.1875,14.5,0.421875,13.25,0.421875,13.25,0.1875,34,0.421875,35.875,0.1875,34,0.1875,34,0.421875,35.875,0.421875,35.875,0.1875,34,15.5,35.875,14.856343,34,14.856343,34,15.5,35.875,15.5,35.875,14.856343,34.625,14.481343,35.125,14.856343,35.125,14.481343,34.625,14.481343,34.625,14.856343,35.125,14.856343,35.5,14.481343,35.875,14.856343,35.875,14.481343,35.5,14.481343,35.5,14.856343,35.875,14.856343,34,14.481343,35.875,14.25,34,14.25,34,14.481343,35.875,14.481343,35.875,14.25,34,14.856343,34.25,14.481343,34,14.481343,34,14.856343,34.25,14.856343,34.25,14.481343,35.875,0.421875,34,0.1875,35.875,0.1875,35.875,0.421875,34,0.421875,34,0.1875,34,14.25,35.875,15.5,34,15.5,34,14.25,35.875,14.25,35.875,15.5,12.875,-0.390625,12.998135,-0.390625,12.875,-0.53794646,12.75,-0.6875,13.856343,0.1875,13.125,-0.6875,12.75,-0.6875,13.481343,0.1875,13.856343,0.1875,12.875,-0.53794646,12.998135,-0.390625,12.875,-0.390625,13.125,-0.6875,13.481343,0.1875,12.75,-0.6875,13.125,-0.6875,13.856343,0.1875,13.481343,0.1875,35.5,-0.390625,35.125,-0.53794646,35.5,-0.53794646,35.5,-0.390625,35.125,-0.390625,35.125,-0.53794646,35.5,0.1875,35.125,-0.390625,35.5,-0.390625,35.5,0.1875,35.125,0.1875,35.125,-0.390625,35.125,0.1875,35.5,-0.6875,35.125,-0.6875,35.125,0.1875,35.5,0.1875,35.5,-0.6875,35.125,13.875,35.5,13.998135,35.125,13.998135,35.125,13.875,35.5,13.875,35.5,13.998135,35.5,-0.53794646,35.125,-0.6875,35.5,-0.6875,35.5,-0.53794646,35.125,-0.53794646,35.125,-0.6875,13.856343,0.1875,12.75,-0.6875,13.125,-0.6875,13.856343,0.1875,13.481343,0.1875,12.75,-0.6875,13.481343,0.1875,13.125,-0.6875,12.75,-0.6875,13.481343,0.1875,13.856343,0.1875,13.125,-0.6875,34.625,0.1875,34.25,-0.6875,34.625,-0.6875,34.625,0.1875,34.25,0.1875,34.25,-0.6875,34.25,0.1875,34.625,-0.6875,34.25,-0.6875,34.25,0.1875,34.625,0.1875,34.625,-0.6875,35.125,14,35.5,13.875,35.125,13.875,35.125,14,35.5,14,35.5,13.875,12.875,-0.6875,13,-2.5625,12.875,-2.5625,12.875,-0.6875,13,-0.6875,13,-2.5625,35.5,-0.6875,35.125,-2.5625,35.5,-2.5625,35.5,-0.6875,35.125,-0.6875,35.125,-2.5625,13,-0.6875,12.875,-2.5625,13,-2.5625,13,-0.6875,12.875,-0.6875,12.875,-2.5625,35.125,-0.6875,35.5,-2.5625,35.125,-2.5625,35.125,-0.6875,35.5,-0.6875,35.5,-2.5625],[]],
	"faces": [10,0,1,2,0,0,1,2,10,0,3,1,0,3,4,5,10,4,5,6,0,6,7,8,10,4,7,5,0,9,10,11,10,8,9,10,0,12,13,14,10,8,11,9,0,15,16,17,10,12,13,14,0,18,19,20,10,12,15,13,0,21,22,23,10,16,17,18,0,24,25,26,10,16,19,17,0,27,28,29,10,15,18,13,0,30,31,32,10,15,16,18,0,33,34,35,10,13,20,21,0,36,37,38,10,13,18,20,0,39,40,41,10,22,23,24,0,42,43,44,10,22,25,23,0,45,46,47,10,26,20,27,0,48,49,50,10,26,28,20,0,51,52,53,10,29,17,14,0,54,55,56,10,29,27,17,0,57,58,59,10,21,30,29,0,60,61,62,10,21,31,30,0,63,64,65,10,19,14,17,0,66,67,68,10,19,12,14,0,69,70,71,10,12,16,15,0,72,73,74,10,12,19,16,0,75,76,77,10,32,33,34,0,78,79,80,10,10,23,0,0,81,82,83,10,10,24,23,0,84,85,86,10,35,36,37,0,87,88,89,10,3,26,9,0,90,91,92,10,3,28,26,0,93,94,95,10,37,34,35,0,96,97,98,10,37,32,34,0,99,100,101,10,26,33,36,0,102,103,104,10,26,24,33,0,105,106,107,10,23,3,0,0,108,109,110,10,23,28,3,0,111,112,113,10,32,36,33,0,114,115,116,10,32,37,36,0,117,118,119,10,35,10,9,0,120,121,122,10,35,34,10,0,123,124,125,10,25,5,7,0,126,127,128,10,25,22,5,0,129,130,131,10,30,4,6,0,132,133,134,10,30,31,4,0,135,136,137,10,22,6,5,0,138,139,140,10,22,30,6,0,141,142,143,10,31,7,4,0,144,145,146,10,31,25,7,0,147,148,149,10,38,39,40,0,150,151,152,10,38,41,39,0,153,154,155,10,8,38,40,0,156,157,158,10,8,2,38,0,159,160,161,10,11,40,39,0,162,163,164,10,11,8,40,0,165,166,167,10,1,39,41,0,168,169,170,10,1,11,39,0,171,172,173,10,2,41,38,0,174,175,176,10,2,1,41,0,177,178,179]
}
