{
	"materials": [
	{
		"mapDiffuse": "textures/+0button.jpg",
		"mapDiffuseWrap": ["repeat", "repeat"]
	} ],
	"vertices": [552,1184,-128,564,1232,-128,552,1232,-128,564,1184,-128,552,1232,-176,564,1184,-176,552,1184,-176,564,1232,-176],
	"uvs": [[11.833333,25.333334,12.083333,26.333334,11.833333,26.333334,11.833333,25.333334,12.083333,25.333334,12.083333,26.333334,11.833333,26.333334,12.083333,25.333334,11.833333,25.333334,11.833333,26.333334,12.083333,26.333334,12.083333,25.333334,11.833333,-2,12.083333,-3,11.833333,-3,11.833333,-2,12.083333,-2,12.083333,-3,12.083333,-2,11.833333,-3,12.083333,-3,12.083333,-2,11.833333,-2,11.833333,-3,25,-2,26,-3,25,-3,25,-2,26,-2,26,-3,26,-2,25,-3,26,-3,26,-2,25,-2,25,-3],[]],
	"faces": [10,0,1,2,0,0,1,2,10,0,3,1,0,3,4,5,10,4,5,6,0,6,7,8,10,4,7,5,0,9,10,11,10,2,7,4,0,12,13,14,10,2,1,7,0,15,16,17,10,3,6,5,0,18,19,20,10,3,0,6,0,21,22,23,10,0,4,6,0,24,25,26,10,0,2,4,0,27,28,29,10,1,5,7,0,30,31,32,10,1,3,5,0,33,34,35]
}
