{
	"materials": [
	{
		"mapDiffuse": "textures/+0button.jpg",
		"mapDiffuseWrap": ["repeat", "repeat"]
	} ],
	"vertices": [520,564,-216,568,556,-216,520,556,-216,568,564,-216,520,556,-168,520,564,-168,568,564,-168,568,556,-168],
	"uvs": [[12,12.25,13,12.083333,12,12.083333,12,12.25,13,12.25,13,12.083333,12.75,-3,12.916667,-4,12.75,-4,12.75,-3,12.916667,-3,12.916667,-4,12,12.083333,13,12.25,12,12.25,12,12.083333,13,12.083333,13,12.25,12.916667,-3,12.75,-4,12.916667,-4,12.916667,-3,12.75,-3,12.75,-4,12,-3,13,-4,12,-4,12,-3,13,-3,13,-4,13,-3,12,-4,13,-4,13,-3,12,-3,12,-4],[]],
	"faces": [10,0,1,2,0,0,1,2,10,0,3,1,0,3,4,5,10,4,0,2,0,6,7,8,10,4,5,0,0,9,10,11,10,4,6,5,0,12,13,14,10,4,7,6,0,15,16,17,10,6,1,3,0,18,19,20,10,6,7,1,0,21,22,23,10,5,3,0,0,24,25,26,10,5,6,3,0,27,28,29,10,7,2,1,0,30,31,32,10,7,4,2,0,33,34,35]
}
