{
	"materials": [
	{
		"mapDiffuse": "textures/city6_8.jpg",
		"mapDiffuseWrap": ["repeat", "repeat"]
	} ],
	"vertices": [1296,356,-96,1296,363,-112,1296,356,-112,1296,363,-96,1328,363,-96,1328,356,-112,1328,363,-112,1328,356,-96],
	"uvs": [[5.5625,-0.5,5.671875,-0.75,5.5625,-0.75,5.5625,-0.5,5.671875,-0.5,5.671875,-0.75,5.671875,-0.5,5.5625,-0.75,5.671875,-0.75,5.671875,-0.5,5.5625,-0.5,5.5625,-0.75,20.25,6.5625,20.75,6.671875,20.25,6.671875,20.25,6.5625,20.75,6.5625,20.75,6.671875,20.25,6.671875,20.75,6.5625,20.25,6.5625,20.25,6.671875,20.75,6.671875,20.75,6.5625,20.75,-0.5,20.25,-0.75,20.75,-0.75,20.75,-0.5,20.25,-0.5,20.25,-0.75,20.25,-0.5,20.75,-0.75,20.25,-0.75,20.25,-0.5,20.75,-0.5,20.75,-0.75],[]],
	"faces": [10,0,1,2,0,0,1,2,10,0,3,1,0,3,4,5,10,4,5,6,0,6,7,8,10,4,7,5,0,9,10,11,10,0,4,3,0,12,13,14,10,0,7,4,0,15,16,17,10,1,5,2,0,18,19,20,10,1,6,5,0,21,22,23,10,7,2,5,0,24,25,26,10,7,0,2,0,27,28,29,10,3,6,1,0,30,31,32,10,3,4,6,0,33,34,35]
}
