{
	"materials": [
	{
		"mapDiffuse": "textures/cop2_5.jpg",
		"mapDiffuseWrap": ["repeat", "repeat"]
	} ],
	"vertices": [1768,2000,116,1809,2040,116,1768,2040,116,1809,2000,116,1809,2040,-108,1809,2000,-302,1809,2040,-302,1809,2000,-108,1768,2000,-108,1768,2040,-304,1768,2000,-304,1768,2040,-108,1808,2040,-304,1808,2000,-304,1788,2020,-344],
	"uvs": [[27.625,32.25,28.265625,32.875,27.625,32.875,27.625,32.25,28.265625,32.25,28.265625,32.875,31.875,-0.6875,31.25,-3.71875,31.875,-3.71875,31.875,-0.6875,31.25,-0.6875,31.25,-3.71875,31.875,2.8125,31.25,-0.6875,31.875,-0.6875,31.875,2.8125,31.25,2.8125,31.25,-0.6875,31.25,-0.6875,31.875,-3.75,31.25,-3.75,31.25,-0.6875,31.875,-0.6875,31.875,-3.75,31.25,2.8125,31.875,-0.6875,31.25,-0.6875,31.25,2.8125,31.875,2.8125,31.875,-0.6875,27.625,-0.6875,28.25,-3.75,27.625,-3.75,27.625,-0.6875,28.265625,-3.71875,28.25,-3.75,27.625,-0.6875,28.265625,-0.6875,28.265625,-3.71875,27.625,2.8125,28.265625,-0.6875,27.625,-0.6875,27.625,2.8125,28.265625,2.8125,28.265625,-0.6875,28.265625,-0.6875,28.25,-3.75,28.265625,-3.71875,28.265625,-0.6875,27.625,-3.75,28.25,-3.75,28.265625,-0.6875,27.625,-0.6875,27.625,-3.75,28.265625,2.8125,27.625,-0.6875,28.265625,-0.6875,28.265625,2.8125,27.625,2.8125,27.625,-0.6875,31.5625,-4.375,31.25,-3.71875,31.25,-3.75,31.5625,-4.375,31.875,-3.71875,31.25,-3.71875,31.5625,-4.375,31.875,-3.75,31.875,-3.71875,28.25,-3.75,27.625,-3.75,27.9375,-4.375,31.5625,-4.375,31.25,-3.75,31.875,-3.75,27.625,-3.75,28.25,-3.75,27.9375,-4.375],[]],
	"faces": [10,0,1,2,0,0,1,2,10,0,3,1,0,3,4,5,10,4,5,6,0,6,7,8,10,4,7,5,0,9,10,11,10,1,7,4,0,12,13,14,10,1,3,7,0,15,16,17,10,8,9,10,0,18,19,20,10,8,11,9,0,21,22,23,10,0,11,8,0,24,25,26,10,0,2,11,0,27,28,29,10,11,12,9,0,30,31,32,10,11,6,12,0,33,34,35,10,11,4,6,0,36,37,38,10,2,4,11,0,39,40,41,10,2,1,4,0,42,43,44,10,7,13,5,0,45,46,47,10,7,10,13,0,48,49,50,10,7,8,10,0,51,52,53,10,3,8,7,0,54,55,56,10,3,0,8,0,57,58,59,10,14,5,13,0,60,61,62,10,14,6,5,0,63,64,65,10,14,12,6,0,66,67,68,10,13,10,14,0,69,70,71,10,14,10,9,0,72,73,74,10,9,12,14,0,75,76,77]
}
