{
	"materials": [
	{
		"mapDiffuse": "textures/uwall1_2.jpg",
		"mapDiffuseWrap": ["repeat", "repeat"]
	} ],
	"vertices": [1856,-928,-64,1880,-848,-64,1880,-856,-64,1848,-848,-64,1824,-928,-64,1874.6666,-872,32,1831.2,-904,32,1864,-904,32,1840.8,-872,32,1848,-848,16,1880,-848,16,1856,-928,0,1824,-928,0,1880,-856,21.333334],
	"uvs": [[29,-13.5,29.375,-12.25,29.375,-12.375,29,-13.5,28.875,-12.25,29.375,-12.25,29,-13.5,28.5,-13.5,28.875,-12.25,29.291666,-12.625,28.6125,-13.125,29.125,-13.125,29.291666,-12.625,28.7625,-12.625,28.6125,-13.125,28.875,1.25,29.375,0,28.875,0,28.875,1.25,29.375,1.25,29.375,0,29,1,28.5,0,29,0,29,1,28.5,1,28.5,0,-13.375,0,-13.25,1.25,-13.375,1.3333334,-13.375,0,-13.25,0,-13.25,1.25,-13.375,1.3333334,-14.5,0,-13.375,0,-13.375,1.3333334,-14.5,1,-14.5,0,-13.375,1.3333334,-14.125,1.5,-14.5,1,-13.375,1.3333334,-13.625,1.5,-14.125,1.5,-13.25,0,-13.625,1.5,-13.25,1.25,-13.25,0,-14.125,1.5,-13.625,1.5,-13.25,0,-14.5,1,-14.125,1.5,-13.25,0,-14.5,0,-14.5,1,29.125,1.5,28.5,1,29,1,29.125,1.5,28.6125,1.5,28.5,1,29.375,-12.25,29.291666,-12.625,29.375,-12.375,29.375,-12.25,28.7625,-12.625,29.291666,-12.625,29.375,-12.25,28.875,-12.25,28.7625,-12.625],[]],
	"faces": [10,0,1,2,0,0,1,2,10,0,3,1,0,3,4,5,10,0,4,3,0,6,7,8,10,5,6,7,0,9,10,11,10,5,8,6,0,12,13,14,10,9,1,3,0,15,16,17,10,9,10,1,0,18,19,20,10,11,4,0,0,21,22,23,10,11,12,4,0,24,25,26,10,2,10,13,0,27,28,29,10,2,1,10,0,30,31,32,10,13,0,2,0,33,34,35,10,13,11,0,0,36,37,38,10,13,7,11,0,39,40,41,10,13,5,7,0,42,43,44,10,3,8,9,0,45,46,47,10,3,6,8,0,48,49,50,10,3,12,6,0,51,52,53,10,3,4,12,0,54,55,56,10,7,12,11,0,57,58,59,10,7,6,12,0,60,61,62,10,10,5,13,0,63,64,65,10,10,8,5,0,66,67,68,10,10,9,8,0,69,70,71]
}
