{
	"materials": [
	{
		"mapDiffuse": "textures/tech08_2.jpg",
		"mapDiffuseWrap": ["repeat", "repeat"]
	} ],
	"vertices": [-114.28571,421.7143,-48,-152,544,-48,-104,432,-48,-161.33333,539.3333,-48,-161.33333,539.3333,192,-104,432,192,-152,544,192,-114.28571,421.7143,192],
	"uvs": [[-0.76785713,4.294643,-1.0625,5.25,-0.6875,4.375,-0.76785713,4.294643,-1.1354166,5.2135415,-1.0625,5.25,-1.1354166,5.2135415,-0.6875,4.375,-1.0625,5.25,-1.1354166,5.2135415,-0.76785713,4.294643,-0.6875,4.375,3.419643,2.5,4.3385415,0.625,3.419643,0.625,3.419643,2.5,4.3385415,2.5,4.3385415,0.625,4.375,2.5,3.5,0.625,4.375,0.625,4.375,2.5,3.5,2.5,3.5,0.625,-1.1354166,2.5,-1.0625,0.625,-1.1354166,0.625,-1.1354166,2.5,-1.0625,2.5,-1.0625,0.625,3.5,2.5,3.419643,0.625,3.5,0.625,3.5,2.5,3.419643,2.5,3.419643,0.625],[]],
	"faces": [10,0,1,2,0,0,1,2,10,0,3,1,0,3,4,5,10,4,5,6,0,6,7,8,10,4,7,5,0,9,10,11,10,7,3,0,0,12,13,14,10,7,4,3,0,15,16,17,10,6,2,1,0,18,19,20,10,6,5,2,0,21,22,23,10,4,1,3,0,24,25,26,10,4,6,1,0,27,28,29,10,5,0,2,0,30,31,32,10,5,7,0,0,33,34,35]
}
