{
	"materials": [
	{
		"mapDiffuse": "textures/+0butnn.jpg",
		"mapDiffuseWrap": ["repeat", "repeat"]
	} ],
	"vertices": [384,-1752,176,384,-1728,168,384,-1752,168,384,-1728,176,408,-1752,176,408,-1752,168,408,-1728,168,408,-1728,176],
	"uvs": [[-34.09375,3.8125,-33.625,3.65625,-34.09375,3.65625,-34.09375,3.8125,-33.625,3.8125,-33.625,3.65625,8.09375,3.8125,7.625,3.65625,8.09375,3.65625,8.09375,3.8125,7.625,3.8125,7.625,3.65625,7.625,3.8125,8.09375,3.65625,7.625,3.65625,7.625,3.8125,8.09375,3.8125,8.09375,3.65625,-33.625,3.8125,-34.09375,3.65625,-33.625,3.65625,-33.625,3.8125,-34.09375,3.8125,-34.09375,3.65625,7.625,-33.84375,8.09375,-33.375,7.625,-33.375,7.625,-33.84375,8.09375,-33.84375,8.09375,-33.375,7.625,-33.375,8.09375,-33.84375,7.625,-33.84375,7.625,-33.375,8.09375,-33.375,8.09375,-33.84375],[]],
	"faces": [10,0,1,2,0,0,1,2,10,0,3,1,0,3,4,5,10,4,2,5,0,6,7,8,10,4,0,2,0,9,10,11,10,3,6,1,0,12,13,14,10,3,7,6,0,15,16,17,10,7,5,6,0,18,19,20,10,7,4,5,0,21,22,23,10,0,7,3,0,24,25,26,10,0,4,7,0,27,28,29,10,1,5,2,0,30,31,32,10,1,6,5,0,33,34,35]
}
