{
	"materials": [
	{
		"mapDiffuse": "textures/lgmetal4.jpg",
		"mapDiffuseWrap": ["repeat", "repeat"]
	} ],
	"vertices": [1792,-1944,192,1808,-2112,192,1792,-2112,192,1808,-1944,192,1792,-2112,392,1808,-1944,392,1792,-1944,392,1808,-2112,392],
	"uvs": [[5.725,-9.166667,5.775,-10.041667,5.725,-10.041667,5.725,-9.166667,5.775,-9.166667,5.775,-10.041667,5.725,-10.041667,5.775,-9.166667,5.725,-9.166667,5.725,-10.041667,5.775,-10.041667,5.775,-9.166667,5.725,3,5.775,1.9583333,5.725,1.9583333,5.725,3,5.775,3,5.775,1.9583333,5.775,3,5.725,1.9583333,5.775,1.9583333,5.775,3,5.725,3,5.725,1.9583333,-6.475,3,-5.95,1.9583333,-6.475,1.9583333,-6.475,3,-5.95,3,-5.95,1.9583333,-5.95,3,-6.475,1.9583333,-5.95,1.9583333,-5.95,3,-6.475,3,-6.475,1.9583333],[]],
	"faces": [10,0,1,2,0,0,1,2,10,0,3,1,0,3,4,5,10,4,5,6,0,6,7,8,10,4,7,5,0,9,10,11,10,6,3,0,0,12,13,14,10,6,5,3,0,15,16,17,10,7,2,1,0,18,19,20,10,7,4,2,0,21,22,23,10,4,0,2,0,24,25,26,10,4,6,0,0,27,28,29,10,5,1,3,0,30,31,32,10,5,7,1,0,33,34,35]
}
