{
	"materials": [
	{
		"mapDiffuse": "textures/trigger.jpg",
		"mapDiffuseWrap": ["repeat", "repeat"]
	} ],
	"vertices": [560,-1884,1364,670,-1780,1364,560,-1780,1364,670,-1884,1364,560,-1780,-216,670,-1884,-216,560,-1884,-216,670,-1780,-216,560,-1884,20,560,-1780,20,560,-1884,244,560,-1780,244,560,-1884,468,560,-1780,468,560,-1884,692,560,-1780,692,560,-1884,916,560,-1780,916,560,-1884,1140,560,-1780,1140,670,-1780,20,670,-1884,20,670,-1780,244,670,-1884,244,670,-1780,468,670,-1884,468,670,-1780,692,670,-1884,692,670,-1780,916,670,-1884,916,670,-1780,1140,670,-1884,1140],
	"uvs": [[8.75,-28.4375,10.46875,-26.8125,8.75,-26.8125,8.75,-28.4375,10.46875,-28.4375,10.46875,-26.8125,8.75,-26.8125,10.46875,-28.4375,8.75,-28.4375,8.75,-26.8125,10.46875,-26.8125,10.46875,-28.4375,-29.4375,1.3125,-27.8125,-2.375,-29.4375,-2.375,-29.4375,1.3125,-27.8125,1.3125,-27.8125,-2.375,-29.4375,4.8125,-27.8125,1.3125,-29.4375,1.3125,-29.4375,4.8125,-27.8125,4.8125,-27.8125,1.3125,-29.4375,8.3125,-27.8125,4.8125,-29.4375,4.8125,-29.4375,8.3125,-27.8125,8.3125,-27.8125,4.8125,-29.4375,11.8125,-27.8125,8.3125,-29.4375,8.3125,-29.4375,11.8125,-27.8125,11.8125,-27.8125,8.3125,-29.4375,15.3125,-27.8125,11.8125,-29.4375,11.8125,-29.4375,15.3125,-27.8125,15.3125,-27.8125,11.8125,-29.4375,18.8125,-27.8125,15.3125,-29.4375,15.3125,-29.4375,18.8125,-27.8125,18.8125,-27.8125,15.3125,-29.4375,22.3125,-27.8125,18.8125,-29.4375,18.8125,-29.4375,22.3125,-27.8125,22.3125,-27.8125,18.8125,-27.8125,1.3125,-29.4375,-2.375,-27.8125,-2.375,-27.8125,1.3125,-29.4375,1.3125,-29.4375,-2.375,-27.8125,4.8125,-29.4375,1.3125,-27.8125,1.3125,-27.8125,4.8125,-29.4375,4.8125,-29.4375,1.3125,-27.8125,8.3125,-29.4375,4.8125,-27.8125,4.8125,-27.8125,8.3125,-29.4375,8.3125,-29.4375,4.8125,-27.8125,11.8125,-29.4375,8.3125,-27.8125,8.3125,-27.8125,11.8125,-29.4375,11.8125,-29.4375,8.3125,-27.8125,15.3125,-29.4375,11.8125,-27.8125,11.8125,-27.8125,15.3125,-29.4375,15.3125,-29.4375,11.8125,-27.8125,18.8125,-29.4375,15.3125,-27.8125,15.3125,-27.8125,18.8125,-29.4375,18.8125,-29.4375,15.3125,-27.8125,22.3125,-29.4375,18.8125,-27.8125,18.8125,-27.8125,22.3125,-29.4375,22.3125,-29.4375,18.8125,8.75,1.3125,10.46875,-2.375,8.75,-2.375,8.75,1.3125,10.46875,1.3125,10.46875,-2.375,8.75,4.8125,10.46875,1.3125,8.75,1.3125,8.75,4.8125,10.46875,4.8125,10.46875,1.3125,8.75,8.3125,10.46875,4.8125,8.75,4.8125,8.75,8.3125,10.46875,8.3125,10.46875,4.8125,8.75,11.8125,10.46875,8.3125,8.75,8.3125,8.75,11.8125,10.46875,11.8125,10.46875,8.3125,8.75,15.3125,10.46875,11.8125,8.75,11.8125,8.75,15.3125,10.46875,15.3125,10.46875,11.8125,8.75,18.8125,10.46875,15.3125,8.75,15.3125,8.75,18.8125,10.46875,18.8125,10.46875,15.3125,8.75,22.3125,10.46875,18.8125,8.75,18.8125,8.75,22.3125,10.46875,22.3125,10.46875,18.8125,10.46875,1.3125,8.75,-2.375,10.46875,-2.375,10.46875,1.3125,8.75,1.3125,8.75,-2.375,10.46875,4.8125,8.75,1.3125,10.46875,1.3125,10.46875,4.8125,8.75,4.8125,8.75,1.3125,10.46875,8.3125,8.75,4.8125,10.46875,4.8125,10.46875,8.3125,8.75,8.3125,8.75,4.8125,10.46875,11.8125,8.75,8.3125,10.46875,8.3125,10.46875,11.8125,8.75,11.8125,8.75,8.3125,10.46875,15.3125,8.75,11.8125,10.46875,11.8125,10.46875,15.3125,8.75,15.3125,8.75,11.8125,10.46875,18.8125,8.75,15.3125,10.46875,15.3125,10.46875,18.8125,8.75,18.8125,8.75,15.3125,10.46875,22.3125,8.75,18.8125,10.46875,18.8125,10.46875,22.3125,8.75,22.3125,8.75,18.8125],[]],
	"faces": [10,0,1,2,0,0,1,2,10,0,3,1,0,3,4,5,10,4,5,6,0,6,7,8,10,4,7,5,0,9,10,11,10,8,4,6,0,12,13,14,10,8,9,4,0,15,16,17,10,10,9,8,0,18,19,20,10,10,11,9,0,21,22,23,10,12,11,10,0,24,25,26,10,12,13,11,0,27,28,29,10,14,13,12,0,30,31,32,10,14,15,13,0,33,34,35,10,16,15,14,0,36,37,38,10,16,17,15,0,39,40,41,10,18,17,16,0,42,43,44,10,18,19,17,0,45,46,47,10,0,19,18,0,48,49,50,10,0,2,19,0,51,52,53,10,20,5,7,0,54,55,56,10,20,21,5,0,57,58,59,10,22,21,20,0,60,61,62,10,22,23,21,0,63,64,65,10,24,23,22,0,66,67,68,10,24,25,23,0,69,70,71,10,26,25,24,0,72,73,74,10,26,27,25,0,75,76,77,10,28,27,26,0,78,79,80,10,28,29,27,0,81,82,83,10,30,29,28,0,84,85,86,10,30,31,29,0,87,88,89,10,1,31,30,0,90,91,92,10,1,3,31,0,93,94,95,10,9,7,4,0,96,97,98,10,9,20,7,0,99,100,101,10,11,20,9,0,102,103,104,10,11,22,20,0,105,106,107,10,13,22,11,0,108,109,110,10,13,24,22,0,111,112,113,10,15,24,13,0,114,115,116,10,15,26,24,0,117,118,119,10,17,26,15,0,120,121,122,10,17,28,26,0,123,124,125,10,19,28,17,0,126,127,128,10,19,30,28,0,129,130,131,10,2,30,19,0,132,133,134,10,2,1,30,0,135,136,137,10,21,6,5,0,138,139,140,10,21,8,6,0,141,142,143,10,23,8,21,0,144,145,146,10,23,10,8,0,147,148,149,10,25,10,23,0,150,151,152,10,25,12,10,0,153,154,155,10,27,12,25,0,156,157,158,10,27,14,12,0,159,160,161,10,29,14,27,0,162,163,164,10,29,16,14,0,165,166,167,10,31,16,29,0,168,169,170,10,31,18,16,0,171,172,173,10,3,18,31,0,174,175,176,10,3,0,18,0,177,178,179]
}
