{
	"materials": [
	{
		"mapDiffuse": "textures/lgmetal4.jpg",
		"mapDiffuseWrap": ["repeat", "repeat"]
	} ],
	"vertices": [1680,-3148,192,1840,-3164,192,1680,-3164,192,1840,-3148,192,1680,-3164,364,1840,-3148,364,1680,-3148,364,1840,-3164,364],
	"uvs": [[5.25,-15.4375,5.75,-15.520834,5.25,-15.520834,5.25,-15.4375,5.75,-15.4375,5.75,-15.520834,5.25,-15.520834,5.75,-15.4375,5.25,-15.4375,5.25,-15.520834,5.75,-15.520834,5.75,-15.4375,-9.8375,2.8541665,-9.8875,1.9583333,-9.8375,1.9583333,-9.8375,2.8541665,-9.8875,2.8541665,-9.8875,1.9583333,-9.8875,2.8541665,-9.8375,1.9583333,-9.8875,1.9583333,-9.8875,2.8541665,-9.8375,2.8541665,-9.8375,1.9583333,5.25,2.8541665,5.75,1.9583333,5.25,1.9583333,5.25,2.8541665,5.75,2.8541665,5.75,1.9583333,5.75,2.8541665,5.25,1.9583333,5.75,1.9583333,5.75,2.8541665,5.25,2.8541665,5.25,1.9583333],[]],
	"faces": [10,0,1,2,0,0,1,2,10,0,3,1,0,3,4,5,10,4,5,6,0,6,7,8,10,4,7,5,0,9,10,11,10,5,1,3,0,12,13,14,10,5,7,1,0,15,16,17,10,4,0,2,0,18,19,20,10,4,6,0,0,21,22,23,10,6,3,0,0,24,25,26,10,6,5,3,0,27,28,29,10,7,2,1,0,30,31,32,10,7,4,2,0,33,34,35]
}
