{
	"materials": [
	{
		"mapDiffuse": "textures/trigger.jpg",
		"mapDiffuseWrap": ["repeat", "repeat"]
	} ],
	"vertices": [-594,-2120,608,-574,-2072,608,-594,-2072,608,-574,-2120,608,-594,-2072,526,-574,-2120,526,-594,-2120,526,-574,-2072,526],
	"uvs": [[-9.28125,-32.125,-8.96875,-31.375,-9.28125,-31.375,-9.28125,-32.125,-8.96875,-32.125,-8.96875,-31.375,-9.28125,-31.375,-8.96875,-32.125,-9.28125,-32.125,-9.28125,-31.375,-8.96875,-31.375,-8.96875,-32.125,-8.96875,10.5,-9.28125,9.21875,-8.96875,9.21875,-8.96875,10.5,-9.28125,10.5,-9.28125,9.21875,-9.28125,10.5,-8.96875,9.21875,-9.28125,9.21875,-9.28125,10.5,-8.96875,10.5,-8.96875,9.21875,-32.375,10.5,-33.125,9.21875,-32.375,9.21875,-32.375,10.5,-33.125,10.5,-33.125,9.21875,-33.125,10.5,-32.375,9.21875,-33.125,9.21875,-33.125,10.5,-32.375,10.5,-32.375,9.21875],[]],
	"faces": [10,0,1,2,0,0,1,2,10,0,3,1,0,3,4,5,10,4,5,6,0,6,7,8,10,4,7,5,0,9,10,11,10,3,6,5,0,12,13,14,10,3,0,6,0,15,16,17,10,2,7,4,0,18,19,20,10,2,1,7,0,21,22,23,10,1,5,7,0,24,25,26,10,1,3,5,0,27,28,29,10,0,4,6,0,30,31,32,10,0,2,4,0,33,34,35]
}
