{
	"materials": [
	{
		"mapDiffuse": "textures/trigger.jpg",
		"mapDiffuseWrap": ["repeat", "repeat"]
	} ],
	"vertices": [-766,-1360,352,-758,-1296,352,-766,-1296,352,-758,-1360,352,-766,-1296,256,-758,-1360,256,-766,-1360,256,-758,-1296,256],
	"uvs": [[-11.96875,-20.25,-11.84375,-19.25,-11.96875,-19.25,-11.96875,-20.25,-11.84375,-20.25,-11.84375,-19.25,-11.96875,-19.25,-11.84375,-20.25,-11.96875,-20.25,-11.96875,-19.25,-11.84375,-19.25,-11.84375,-20.25,-11.96875,6.5,-11.84375,5,-11.96875,5,-11.96875,6.5,-11.84375,6.5,-11.84375,5,-11.84375,6.5,-11.96875,5,-11.84375,5,-11.84375,6.5,-11.96875,6.5,-11.96875,5,-20.25,6.5,-21.25,5,-20.25,5,-20.25,6.5,-21.25,6.5,-21.25,5,-21.25,6.5,-20.25,5,-21.25,5,-21.25,6.5,-20.25,6.5,-20.25,5],[]],
	"faces": [10,0,1,2,0,0,1,2,10,0,3,1,0,3,4,5,10,4,5,6,0,6,7,8,10,4,7,5,0,9,10,11,10,2,7,4,0,12,13,14,10,2,1,7,0,15,16,17,10,3,6,5,0,18,19,20,10,3,0,6,0,21,22,23,10,1,5,7,0,24,25,26,10,1,3,5,0,27,28,29,10,0,4,6,0,30,31,32,10,0,2,4,0,33,34,35]
}
