{
	"materials": [
	{
		"mapDiffuse": "textures/metal4_5.jpg",
		"mapDiffuseWrap": ["repeat", "repeat"]
	} ],
	"vertices": [1214,-2608,-40,1232,-2624,-40,1214,-2624,-40,1232,-2608,-40,1214,-2624,566,1232,-2608,566,1214,-2608,566,1232,-2624,566,1232,-2608,118,1232,-2624,118,1232,-2608,342,1232,-2624,342,1214,-2624,118,1214,-2608,118,1214,-2624,342,1214,-2608,342],
	"uvs": [[18.96875,-39.75,19.25,-40,18.96875,-40,18.96875,-39.75,19.25,-39.75,19.25,-40,18.96875,-40,19.25,-39.75,18.96875,-39.75,18.96875,-40,19.25,-40,19.25,-39.75,-40.75,2.84375,-41,0.375,-40.75,0.375,-40.75,2.84375,-41,2.84375,-41,0.375,-40.75,6.34375,-41,2.84375,-40.75,2.84375,-40.75,6.34375,-41,6.34375,-41,2.84375,-40.75,9.84375,-41,6.34375,-40.75,6.34375,-40.75,9.84375,-41,9.84375,-41,6.34375,-41,2.84375,-40.75,0.375,-41,0.375,-41,2.84375,-40.75,2.84375,-40.75,0.375,-41,6.34375,-40.75,2.84375,-41,2.84375,-41,6.34375,-40.75,6.34375,-40.75,2.84375,-41,9.84375,-40.75,6.34375,-41,6.34375,-41,9.84375,-40.75,9.84375,-40.75,6.34375,18.96875,2.84375,19.25,0.375,18.96875,0.375,18.96875,2.84375,19.25,2.84375,19.25,0.375,18.96875,6.34375,19.25,2.84375,18.96875,2.84375,18.96875,6.34375,19.25,6.34375,19.25,2.84375,18.96875,9.84375,19.25,6.34375,18.96875,6.34375,18.96875,9.84375,19.25,9.84375,19.25,6.34375,19.25,2.84375,18.96875,0.375,19.25,0.375,19.25,2.84375,18.96875,2.84375,18.96875,0.375,19.25,6.34375,18.96875,2.84375,19.25,2.84375,19.25,6.34375,18.96875,6.34375,18.96875,2.84375,19.25,9.84375,18.96875,6.34375,19.25,6.34375,19.25,9.84375,18.96875,9.84375,18.96875,6.34375],[]],
	"faces": [10,0,1,2,0,0,1,2,10,0,3,1,0,3,4,5,10,4,5,6,0,6,7,8,10,4,7,5,0,9,10,11,10,8,1,3,0,12,13,14,10,8,9,1,0,15,16,17,10,10,9,8,0,18,19,20,10,10,11,9,0,21,22,23,10,5,11,10,0,24,25,26,10,5,7,11,0,27,28,29,10,12,0,2,0,30,31,32,10,12,13,0,0,33,34,35,10,14,13,12,0,36,37,38,10,14,15,13,0,39,40,41,10,4,15,14,0,42,43,44,10,4,6,15,0,45,46,47,10,13,3,0,0,48,49,50,10,13,8,3,0,51,52,53,10,15,8,13,0,54,55,56,10,15,10,8,0,57,58,59,10,6,10,15,0,60,61,62,10,6,5,10,0,63,64,65,10,9,2,1,0,66,67,68,10,9,12,2,0,69,70,71,10,11,12,9,0,72,73,74,10,11,14,12,0,75,76,77,10,7,14,11,0,78,79,80,10,7,4,14,0,81,82,83]
}
