{
	"materials": [
	{
		"mapDiffuse": "textures/metal1_2.jpg",
		"mapDiffuseWrap": ["repeat", "repeat"]
	} ],
	"vertices": [320,-3550,128,336,-3566,128,320,-3566,128,336,-3550,128,320,-3566,320,336,-3550,320,320,-3550,320,336,-3566,320],
	"uvs": [[5,-54.46875,5.25,-54.71875,5,-54.71875,5,-54.46875,5.25,-54.46875,5.25,-54.71875,5,-54.71875,5.25,-54.46875,5,-54.46875,5,-54.71875,5.25,-54.71875,5.25,-54.46875,-55.46875,6,-55.71875,3,-55.46875,3,-55.46875,6,-55.71875,6,-55.71875,3,5.25,6,5,3,5.25,3,5.25,6,5,6,5,3,-55.71875,6,-55.46875,3,-55.71875,3,-55.71875,6,-55.46875,6,-55.46875,3,5,6,5.25,3,5,3,5,6,5.25,6,5.25,3],[]],
	"faces": [10,0,1,2,0,0,1,2,10,0,3,1,0,3,4,5,10,4,5,6,0,6,7,8,10,4,7,5,0,9,10,11,10,5,1,3,0,12,13,14,10,5,7,1,0,15,16,17,10,7,2,1,0,18,19,20,10,7,4,2,0,21,22,23,10,4,0,2,0,24,25,26,10,4,6,0,0,27,28,29,10,6,3,0,0,30,31,32,10,6,5,3,0,33,34,35]
}
