{
	"materials": [
	{
		"mapDiffuse": "textures/metal1_2.jpg",
		"mapDiffuseWrap": ["repeat", "repeat"]
	} ],
	"vertices": [376,-2280,144,384,-2296,144,376,-2296,144,384,-2280,144,280,-2360,144,296,-2376,144,280,-2376,144,296,-2360,144,280,-2200,144,296,-2216,144,280,-2216,144,296,-2200,144,216,-2344,192,216,-2232,176,216,-2344,176,216,-2232,192,216,-2248,192,360,-2232,192,360,-2248,192,216,-2328,192,232,-2248,192,232,-2328,192,300,-2328,192,316,-2248,192,300,-2248,192,316,-2328,192,260,-2328,192,276,-2248,192,260,-2248,192,276,-2328,192,344,-2328,192,344,-2248,192,360,-2328,192,360,-2344,192,360,-2280,192,392,-2296,144,392,-2280,144,360,-2296,192,296,-2344,192,280,-2344,192,280,-2232,192,296,-2232,192,216,-2328,176,360,-2338.6667,176,216,-2338.6667,176,360,-2328,176,296,-2344,176,360,-2344,176,296,-2338.6667,176,280,-2237.3333,176,216,-2237.3333,176,280,-2232,176,344,-2296,176,344,-2328,176,360,-2296,176,344,-2280,176,354.66666,-2296,176,354.66666,-2280,176,260,-2248,176,276,-2328,176,260,-2328,176,276,-2248,176,300,-2248,176,316,-2328,176,300,-2328,176,316,-2248,176,216,-2248,176,232,-2328,176,232,-2248,176,344,-2248,176,360,-2280,176,360,-2248,176,296,-2237.3333,176,360,-2232,176,360,-2237.3333,176,296,-2232,176,280,-2344,176,280,-2338.6667,176,370.66666,-2296,176,370.66666,-2280,176,296,-2221.3333,176,280,-2221.3333,176,280,-2354.6667,176,296,-2354.6667,176,384,-2280,-224,392,-2296,-224,384,-2296,-224,392,-2280,-224,392,-2296,-80,384,-2296,-80,384,-2280,-80,392,-2280,-80],
	"uvs": [[5.875,-34.625,6,-34.875,5.875,-34.875,5.875,-34.625,6,-34.625,6,-34.875,4.375,-35.875,4.625,-36.125,4.375,-36.125,4.375,-35.875,4.625,-35.875,4.625,-36.125,4.375,-33.375,4.625,-33.625,4.375,-33.625,4.375,-33.375,4.625,-33.375,4.625,-33.625,-36.625,4,-34.875,3.75,-36.625,3.75,-36.625,4,-34.875,4,-34.875,3.75,3.375,-34.125,5.625,-33.875,3.375,-33.875,3.375,-34.125,5.625,-34.125,5.625,-33.875,3.375,-35.375,3.625,-34.125,3.375,-34.125,3.375,-35.375,3.625,-35.375,3.625,-34.125,4.6875,-35.375,4.9375,-34.125,4.6875,-34.125,4.6875,-35.375,4.9375,-35.375,4.9375,-34.125,4.0625,-35.375,4.3125,-34.125,4.0625,-34.125,4.0625,-35.375,4.3125,-35.375,4.3125,-34.125,5.375,-35.375,5.625,-34.125,5.375,-34.125,5.375,-35.375,5.625,-35.375,5.625,-34.125,3.375,-35.625,5.625,-35.375,3.375,-35.375,3.375,-35.625,5.625,-35.625,5.625,-35.375,-35.625,4,-35.875,3.25,-35.625,3.25,-35.625,4,-35.875,4,-35.875,3.25,4.625,4,4.375,3.25,4.625,3.25,4.625,4,4.375,4,4.375,3.25,4.375,4,4.625,3.25,4.375,3.25,4.375,4,4.625,4,4.625,3.25,3.375,-35.375,5.625,-35.541668,3.375,-35.541668,3.375,-35.375,5.625,-35.375,5.625,-35.541668,4.625,-35.625,5.625,-35.541668,5.625,-35.625,4.625,-35.625,4.625,-35.541668,5.625,-35.541668,3.375,-33.875,4.375,-33.958332,3.375,-33.958332,3.375,-33.875,4.375,-33.875,4.375,-33.958332,5.375,-34.875,5.625,-35.375,5.375,-35.375,5.375,-34.875,5.625,-34.875,5.625,-35.375,5.375,-34.625,5.5416665,-34.875,5.375,-34.875,5.375,-34.625,5.5416665,-34.625,5.5416665,-34.875,4.0625,-34.125,4.3125,-35.375,4.0625,-35.375,4.0625,-34.125,4.3125,-34.125,4.3125,-35.375,4.6875,-34.125,4.9375,-35.375,4.6875,-35.375,4.6875,-34.125,4.9375,-34.125,4.9375,-35.375,3.375,-34.125,3.625,-35.375,3.375,-35.375,3.375,-34.125,3.625,-34.125,3.625,-35.375,5.375,-34.125,5.625,-34.625,5.375,-34.625,5.375,-34.125,5.625,-34.125,5.625,-34.625,4.625,-33.958332,5.625,-33.875,5.625,-33.958332,4.625,-33.958332,4.625,-33.875,5.625,-33.875,3.375,-33.958332,5.625,-34.125,3.375,-34.125,3.375,-33.958332,5.625,-33.958332,5.625,-34.125,3.375,-35.541668,4.375,-35.625,3.375,-35.625,3.375,-35.541668,4.375,-35.541668,4.375,-35.625,-36.625,3.75,-35.875,4,-36.625,4,-36.625,3.75,-35.875,3.75,-35.875,4,-34.875,4,-35.625,3.75,-34.875,3.75,-34.875,4,-35.625,4,-35.625,3.75,5.625,4,5.625,3.75,5.7916665,3.75,5.625,3.75,5.625,4,5.7916665,3.75,3.625,3.75,4.0625,4,4.0625,3.75,3.625,3.75,3.625,4,4.0625,4,4.9375,3.75,5.375,4,5.375,3.75,4.9375,3.75,4.9375,4,5.375,4,4.3125,3.75,4.6875,4,4.6875,3.75,4.3125,3.75,4.3125,4,4.6875,4,4.0625,3.75,3.625,4,3.625,3.75,4.0625,3.75,4.0625,4,3.625,4,5.375,3.75,4.9375,4,4.9375,3.75,5.375,3.75,5.375,4,4.9375,4,4.6875,3.75,4.3125,4,4.3125,3.75,4.6875,3.75,4.6875,4,4.3125,4,-34.875,4,-34.875,3.75,-34.708332,3.75,4.625,3.75,5.625,4,5.625,3.75,4.625,3.75,4.625,4,5.625,4,-34.875,3.75,-34.875,4,-34.708332,3.75,3.375,4,4.375,3.75,3.375,3.75,3.375,4,4.375,4,4.375,3.75,-35.125,4,-36.375,3.75,-35.125,3.75,-35.125,4,-36.375,4,-36.375,3.75,-35.125,4,-36.375,3.75,-35.125,3.75,-35.125,4,-36.375,4,-36.375,3.75,-36.375,4,-35.125,3.75,-36.375,3.75,-36.375,4,-35.125,4,-35.125,3.75,-36.375,4,-35.125,3.75,-36.375,3.75,-36.375,4,-35.125,4,-35.125,3.75,-36.375,4,-35.125,3.75,-36.375,3.75,-36.375,4,-35.125,4,-35.125,3.75,-35.125,4,-36.375,3.75,-35.125,3.75,-35.125,4,-36.375,4,-36.375,3.75,-36.625,4,-36.625,3.75,-36.791668,3.75,-36.625,3.75,-36.625,4,-36.791668,3.75,5.625,4,4.625,3.75,5.625,3.75,5.625,4,4.625,4,4.625,3.75,4.375,3.75,3.375,4,3.375,3.75,4.375,3.75,4.375,4,3.375,4,5.5416665,3.75,6.125,3.25,5.875,3.25,5.5416665,3.75,5.7916665,3.75,6.125,3.25,-34.708332,3.75,-34.625,3.25,-34.375,3.25,-34.708332,3.75,-34.958332,3.75,-34.625,3.25,-34.958332,3.75,-34.375,3.25,-34.625,3.25,-34.958332,3.75,-34.708332,3.75,-34.375,3.25,4.625,3.75,4.375,3.25,4.625,3.25,4.625,3.75,4.375,3.75,4.375,3.25,-36.541668,3.75,-37.125,3.25,-36.875,3.25,-36.541668,3.75,-36.791668,3.75,-37.125,3.25,5.7916665,3.75,5.875,3.25,6.125,3.25,5.7916665,3.75,5.5416665,3.75,5.875,3.25,-35.875,3.75,-35.625,3.25,-35.875,3.25,-35.875,3.75,-35.625,3.75,-35.625,3.25,-36.791668,3.75,-36.875,3.25,-37.125,3.25,-36.791668,3.75,-36.541668,3.75,-36.875,3.25,4.375,3.75,4.625,3.25,4.375,3.25,4.375,3.75,4.625,3.75,4.625,3.25,6,-34.625,6.125,-34.875,6,-34.875,6,-34.625,6.125,-34.625,6.125,-34.875,6.125,-0.25,6,-2.5,6.125,-2.5,6.125,-0.25,6,-0.25,6,-2.5,6.125,3.25,6,-0.25,6.125,-0.25,6.125,3.25,6,3.25,6,-0.25,-35.875,-0.25,-35.625,-2.5,-35.875,-2.5,-35.875,-0.25,-35.625,-0.25,-35.625,-2.5,-35.875,3.25,-35.625,-0.25,-35.875,-0.25,-35.875,3.25,-35.625,3.25,-35.625,-0.25,6,-0.25,6.125,-2.5,6,-2.5,6,-0.25,6.125,-0.25,6.125,-2.5,6,3.25,6.125,-0.25,6,-0.25,6,3.25,6.125,3.25,6.125,-0.25,-35.625,-0.25,-35.875,-2.5,-35.625,-2.5,-35.625,-0.25,-35.875,-0.25,-35.875,-2.5,-35.625,3.25,-35.875,-0.25,-35.625,-0.25,-35.625,3.25,-35.875,3.25,-35.875,-0.25],[]],