{
	"materials": [
	{
		"mapDiffuse": "textures/metal1_2.jpg",
		"mapDiffuseWrap": ["repeat", "repeat"]
	} ],
	"vertices": [232,-3550,128,248,-3566,128,232,-3566,128,248,-3550,128,276,-3550,128,292,-3566,128,276,-3566,128,292,-3550,128,232,-3566,320,248,-3550,320,232,-3550,320,248,-3566,320,276,-3566,320,292,-3550,320,276,-3550,320,292,-3566,320],
	"uvs": [[3.625,-54.46875,3.875,-54.71875,3.625,-54.71875,3.625,-54.46875,3.875,-54.46875,3.875,-54.71875,4.3125,-54.46875,4.5625,-54.71875,4.3125,-54.71875,4.3125,-54.46875,4.5625,-54.46875,4.5625,-54.71875,3.625,-54.71875,3.875,-54.46875,3.625,-54.46875,3.625,-54.71875,3.875,-54.71875,3.875,-54.46875,4.3125,-54.71875,4.5625,-54.46875,4.3125,-54.46875,4.3125,-54.71875,4.5625,-54.71875,4.5625,-54.46875,-55.71875,6,-55.46875,3,-55.71875,3,-55.71875,6,-55.46875,6,-55.46875,3,4.5625,6,4.3125,3,4.5625,3,4.5625,6,4.3125,6,4.3125,3,-55.46875,6,-55.71875,3,-55.46875,3,-55.46875,6,-55.71875,6,-55.71875,3,4.3125,6,4.5625,3,4.3125,3,4.3125,6,4.5625,6,4.5625,3,-55.46875,6,-55.71875,3,-55.46875,3,-55.46875,6,-55.71875,6,-55.71875,3,-55.71875,6,-55.46875,3,-55.71875,3,-55.71875,6,-55.46875,6,-55.46875,3,3.875,6,3.625,3,3.875,3,3.875,6,3.625,6,3.625,3,3.625,6,3.875,3,3.625,3,3.625,6,3.875,6,3.875,3],[]],
	"faces": [10,0,1,2,0,0,1,2,10,0,3,1,0,3,4,5,10,4,5,6,0,6,7,8,10,4,7,5,0,9,10,11,10,8,9,10,0,12,13,14,10,8,11,9,0,15,16,17,10,12,13,14,0,18,19,20,10,12,15,13,0,21,22,23,10,12,4,6,0,24,25,26,10,12,14,4,0,27,28,29,10,15,6,5,0,30,31,32,10,15,12,6,0,33,34,35,10,13,5,7,0,36,37,38,10,13,15,5,0,39,40,41,10,14,7,4,0,42,43,44,10,14,13,7,0,45,46,47,10,9,1,3,0,48,49,50,10,9,11,1,0,51,52,53,10,8,0,2,0,54,55,56,10,8,10,0,0,57,58,59,10,11,2,1,0,60,61,62,10,11,8,2,0,63,64,65,10,10,3,0,0,66,67,68,10,10,9,3,0,69,70,71]
}
