{
	"materials": [
	{
		"mapDiffuse": "textures/dr02_1.jpg",
		"mapDiffuseWrap": ["repeat", "repeat"]
	} ],
	"vertices": [104,320,0,120,272,0,104,272,0,120,320,0,120,224,0,104,224,0,104,272,112,120,320,112,104,320,112,120,272,112,104,224,112,120,224,112,120,224,88,104,224,88,104,320,88,120,320,88,104,272,88,120,272,88],
	"uvs": [[1.625,4.125,1.875,3.65625,1.625,3.65625,1.625,4.125,1.875,4.125,1.875,3.65625,1.125,3.65625,1.375,3.1875,1.125,3.1875,1.125,3.65625,1.375,3.65625,1.375,3.1875,1.625,3.5625,1.875,4.03125,1.625,4.03125,1.625,3.5625,1.875,3.5625,1.875,4.03125,1.125,3.09375,1.375,3.5625,1.125,3.5625,1.125,3.09375,1.375,3.09375,1.375,3.5625,1.375,1.859375,1.125,1,1.375,1,1.375,1.859375,1.125,1.859375,1.125,1,1.375,2,1.125,1.765625,1.375,1.765625,1.375,2,1.125,2,1.125,1.765625,1.625,1.859375,1.875,1,1.625,1,1.625,1.859375,1.875,1.859375,1.875,1,1.625,2,1.875,1.765625,1.625,1.765625,1.625,2,1.875,2,1.875,1.765625,4.25,1.859375,5,1,4.25,1,4.25,1.859375,5,1.859375,5,1,4.25,2,5,1.765625,4.25,1.765625,4.25,2,5,2,5,1.765625,3,2,3.75,1.765625,3,1.765625,3,2,3.75,2,3.75,1.765625,3,1.859375,3.75,1,3,1,3,1.859375,3.75,1.859375,3.75,1,5,1.859375,4.25,1,5,1,5,1.859375,4.25,1.859375,4.25,1,5,2,4.25,1.765625,5,1.765625,5,2,4.25,2,4.25,1.765625,3.75,2,3,1.765625,3.75,1.765625,3.75,2,3,2,3,1.765625,3.75,1.859375,3,1,3.75,1,3.75,1.859375,3,1.859375,3,1],[]],
	"faces": [10,0,1,2,0,0,1,2,10,0,3,1,0,3,4,5,10,2,4,5,0,6,7,8,10,2,1,4,0,9,10,11,10,6,7,8,0,12,13,14,10,6,9,7,0,15,16,17,10,10,9,6,0,18,19,20,10,10,11,9,0,21,22,23,10,12,5,4,0,24,25,26,10,12,13,5,0,27,28,29,10,11,13,12,0,30,31,32,10,11,10,13,0,33,34,35,10,14,3,0,0,36,37,38,10,14,15,3,0,39,40,41,10,8,15,14,0,42,43,44,10,8,7,15,0,45,46,47,10,16,0,2,0,48,49,50,10,16,14,0,0,51,52,53,10,6,14,16,0,54,55,56,10,6,8,14,0,57,58,59,10,10,16,13,0,60,61,62,10,10,6,16,0,63,64,65,10,13,2,5,0,66,67,68,10,13,16,2,0,69,70,71,10,15,1,3,0,72,73,74,10,15,17,1,0,75,76,77,10,7,17,15,0,78,79,80,10,7,9,17,0,81,82,83,10,9,12,17,0,84,85,86,10,9,11,12,0,87,88,89,10,17,4,1,0,90,91,92,10,17,12,4,0,93,94,95]
}
