{
	"materials": [
	{
		"mapDiffuse": "textures/trigger.jpg",
		"mapDiffuseWrap": ["repeat", "repeat"]
	} ],
	"vertices": [1552,816,320,1560,816,270,1552,816,270,1560,816,320,1560,688,320,1552,688,270,1560,688,270,1552,688,320],
	"uvs": [[24.25,6,24.375,5.21875,24.25,5.21875,24.25,6,24.375,6,24.375,5.21875,24.375,6,24.25,5.21875,24.375,5.21875,24.375,6,24.25,6,24.25,5.21875,24.25,11.75,24.375,13.75,24.25,13.75,24.25,11.75,24.375,11.75,24.375,13.75,24.25,13.75,24.375,11.75,24.25,11.75,24.25,13.75,24.375,13.75,24.375,11.75,10.75,6,12.75,5.21875,10.75,5.21875,10.75,6,12.75,6,12.75,5.21875,12.75,6,10.75,5.21875,12.75,5.21875,12.75,6,10.75,6,10.75,5.21875],[]],
	"faces": [10,0,1,2,0,0,1,2,10,0,3,1,0,3,4,5,10,4,5,6,0,6,7,8,10,4,7,5,0,9,10,11,10,7,3,0,0,12,13,14,10,7,4,3,0,15,16,17,10,2,6,5,0,18,19,20,10,2,1,6,0,21,22,23,10,7,2,5,0,24,25,26,10,7,0,2,0,27,28,29,10,3,6,1,0,30,31,32,10,3,4,6,0,33,34,35]
}
