{
	"materials": [
	{
		"mapDiffuse": "textures/window03.jpg",
		"mapDiffuseWrap": ["repeat", "repeat"]
	} ],
	"vertices": [-30,-265,1008,18,-249,1008,-30,-249,1008,18,-265,1008,-6,-249,912,50,-249,984,-62,-249,984,-62,-265,984,50,-265,984,-6,-265,912],
	"uvs": [[0.3828125,-0.8802084,0.5703125,-0.796875,0.3828125,-0.796875,0.3828125,-0.8802084,0.5703125,-0.8802084,0.5703125,-0.796875,0.4765625,5.25,0.5703125,5.75,0.6953125,5.625,0.4765625,5.25,0.3828125,5.75,0.5703125,5.75,0.4765625,5.25,0.2578125,5.625,0.3828125,5.75,0.2578125,5.625,0.5703125,5.75,0.3828125,5.75,0.2578125,5.625,0.6953125,5.625,0.5703125,5.75,0.2578125,5.625,0.4765625,5.25,0.6953125,5.625,0.5703125,-0.796875,0.6953125,-0.8802084,0.6953125,-0.796875,0.5703125,-0.796875,0.5703125,-0.8802084,0.6953125,-0.8802084,-0.53515625,5.25,-0.47265625,5.625,-0.47265625,5.25,-0.53515625,5.25,-0.53515625,5.625,-0.47265625,5.625,-0.47265625,5.25,-0.53515625,5.625,-0.53515625,5.25,-0.47265625,5.25,-0.47265625,5.625,-0.53515625,5.625,0.2578125,-0.8802084,0.3828125,-0.796875,0.2578125,-0.796875,0.2578125,-0.8802084,0.3828125,-0.8802084,0.3828125,-0.796875],[]],
	"faces": [10,0,1,2,0,0,1,2,10,0,3,1,0,3,4,5,10,4,1,5,0,6,7,8,10,4,2,1,0,9,10,11,10,4,6,2,0,12,13,14,10,7,3,0,0,15,16,17,10,7,8,3,0,18,19,20,10,7,9,8,0,21,22,23,10,1,8,5,0,24,25,26,10,1,3,8,0,27,28,29,10,9,6,4,0,30,31,32,10,9,7,6,0,33,34,35,10,4,8,9,0,36,37,38,10,4,5,8,0,39,40,41,10,7,2,6,0,42,43,44,10,7,0,2,0,45,46,47]
}
