{
	"materials": [
	{
		"mapDiffuse": "textures/city5_4.jpg",
		"mapDiffuseWrap": ["repeat", "repeat"]
	} ],
	"vertices": [304,-524,232,318,-500,232,304,-500,232,318,-524,232,304,-476,132,318,-548,132,304,-548,132,318,-476,132,304,-476,212,318,-476,212,318,-548,212,304,-548,212,304,-488,228,304,-536,228,318,-536,228,318,-488,228],
	"uvs": [[4.75,-7.1875,4.96875,-6.8125,4.75,-6.8125,4.75,-7.1875,4.96875,-7.1875,4.96875,-6.8125,4.75,-6.4375,4.96875,-7.5625,4.75,-7.5625,4.75,-6.4375,4.96875,-6.4375,4.96875,-7.5625,4.75,4.3125,4.96875,3.0625,4.75,3.0625,4.75,4.3125,4.96875,4.3125,4.96875,3.0625,4.96875,4.3125,4.75,3.0625,4.96875,3.0625,4.96875,4.3125,4.75,4.3125,4.75,3.0625,-7.4375,3.0625,-7.625,4.5625,-7.4375,4.3125,-7.4375,3.0625,-7.8125,4.625,-7.625,4.5625,-7.4375,3.0625,-8.1875,4.625,-7.8125,4.625,-7.4375,3.0625,-8.375,4.5625,-8.1875,4.625,-7.4375,3.0625,-8.5625,4.3125,-8.375,4.5625,-7.4375,3.0625,-8.5625,3.0625,-8.5625,4.3125,-8.5625,3.0625,-8.375,4.5625,-8.5625,4.3125,-8.5625,3.0625,-8.1875,4.625,-8.375,4.5625,-8.5625,3.0625,-7.8125,4.625,-8.1875,4.625,-8.5625,3.0625,-7.625,4.5625,-7.8125,4.625,-8.5625,3.0625,-7.4375,4.3125,-7.625,4.5625,-8.5625,3.0625,-7.4375,3.0625,-7.4375,4.3125,4.96875,4.5625,4.75,4.3125,4.96875,4.3125,4.96875,4.5625,4.75,4.5625,4.75,4.3125,4.75,-6.8125,4.96875,-6.625,4.75,-6.625,4.75,-6.8125,4.96875,-6.8125,4.96875,-6.625,4.75,-7.375,4.96875,-7.1875,4.75,-7.1875,4.75,-7.375,4.96875,-7.375,4.96875,-7.1875,4.75,4.5625,4.96875,4.3125,4.75,4.3125,4.75,4.5625,4.96875,4.5625,4.96875,4.3125],[]],
	"faces": [10,0,1,2,0,0,1,2,10,0,3,1,0,3,4,5,10,4,5,6,0,6,7,8,10,4,7,5,0,9,10,11,10,8,7,4,0,12,13,14,10,8,9,7,0,15,16,17,10,10,6,5,0,18,19,20,10,10,11,6,0,21,22,23,10,4,12,8,0,24,25,26,10,4,2,12,0,27,28,29,10,4,0,2,0,30,31,32,10,4,13,0,0,33,34,35,10,4,11,13,0,36,37,38,10,4,6,11,0,39,40,41,10,5,14,10,0,42,43,44,10,5,3,14,0,45,46,47,10,5,1,3,0,48,49,50,10,5,15,1,0,51,52,53,10,5,9,15,0,54,55,56,10,5,7,9,0,57,58,59,10,14,11,10,0,60,61,62,10,14,13,11,0,63,64,65,10,2,15,12,0,66,67,68,10,2,1,15,0,69,70,71,10,13,3,0,0,72,73,74,10,13,14,3,0,75,76,77,10,12,9,8,0,78,79,80,10,12,15,9,0,81,82,83]
}
