{
	"materials": [
	{
		"mapDiffuse": "textures/window02_1.jpg",
		"mapDiffuseWrap": ["repeat", "repeat"]
	} ],
	"vertices": [640,1200,336,704,1216,336,640,1216,336,704,1200,336,640,1216,144,704,1200,144,640,1200,144,704,1216,144],
	"uvs": [[10,6.5,11,6.5833335,10,6.5833335,10,6.5,11,6.5,11,6.5833335,10,6.5833335,11,6.5,10,6.5,10,6.5833335,11,6.5833335,11,6.5,19,2,18.75,1,19,1,19,2,18.75,2,18.75,1,18.75,2,19,1,18.75,1,18.75,2,19,2,19,1,10,2,11,1,10,1,10,2,11,2,11,1,11,2,10,1,11,1,11,2,10,2,10,1],[]],
	"faces": [10,0,1,2,0,0,1,2,10,0,3,1,0,3,4,5,10,4,5,6,0,6,7,8,10,4,7,5,0,9,10,11,10,1,5,7,0,12,13,14,10,1,3,5,0,15,16,17,10,0,4,6,0,18,19,20,10,0,2,4,0,21,22,23,10,2,7,4,0,24,25,26,10,2,1,7,0,27,28,29,10,3,6,5,0,30,31,32,10,3,0,6,0,33,34,35]
}
