{
	"materials": [
	{
		"mapDiffuse": "textures/city5_4.jpg",
		"mapDiffuseWrap": ["repeat", "repeat"]
	} ],
	"vertices": [898,-332,232,912,-308,232,898,-308,232,912,-332,232,898,-284,132,912,-356,132,898,-356,132,912,-284,132,898,-284,212,912,-284,212,912,-356,212,898,-356,212,912,-296,228,912,-344,228,898,-296,228,898,-344,228],
	"uvs": [[14.03125,-4.1875,14.25,-3.8125,14.03125,-3.8125,14.03125,-4.1875,14.25,-4.1875,14.25,-3.8125,14.03125,-3.4375,14.25,-4.5625,14.03125,-4.5625,14.03125,-3.4375,14.25,-3.4375,14.25,-4.5625,14.03125,4.3125,14.25,3.0625,14.03125,3.0625,14.03125,4.3125,14.25,4.3125,14.25,3.0625,14.25,4.3125,14.03125,3.0625,14.25,3.0625,14.25,4.3125,14.03125,4.3125,14.03125,3.0625,-4.625,4.5625,-4.4375,3.0625,-4.4375,4.3125,-4.625,4.5625,-5.5625,3.0625,-4.4375,3.0625,-4.625,4.5625,-5.5625,4.3125,-5.5625,3.0625,-4.625,4.5625,-5.375,4.5625,-5.5625,4.3125,-4.625,4.5625,-5.1875,4.625,-5.375,4.5625,-4.625,4.5625,-4.8125,4.625,-5.1875,4.625,-4.4375,3.0625,-4.625,4.5625,-4.4375,4.3125,-4.4375,3.0625,-4.8125,4.625,-4.625,4.5625,-4.4375,3.0625,-5.1875,4.625,-4.8125,4.625,-4.4375,3.0625,-5.375,4.5625,-5.1875,4.625,-4.4375,3.0625,-5.5625,4.3125,-5.375,4.5625,-4.4375,3.0625,-5.5625,3.0625,-5.5625,4.3125,14.25,4.5625,14.03125,4.3125,14.25,4.3125,14.25,4.5625,14.03125,4.5625,14.03125,4.3125,14.03125,-3.8125,14.25,-3.625,14.03125,-3.625,14.03125,-3.8125,14.25,-3.8125,14.25,-3.625,14.03125,-4.375,14.25,-4.1875,14.03125,-4.1875,14.03125,-4.375,14.25,-4.375,14.25,-4.1875,14.03125,4.5625,14.25,4.3125,14.03125,4.3125,14.03125,4.5625,14.25,4.5625,14.25,4.3125],[]],
	"faces": [10,0,1,2,0,0,1,2,10,0,3,1,0,3,4,5,10,4,5,6,0,6,7,8,10,4,7,5,0,9,10,11,10,8,7,4,0,12,13,14,10,8,9,7,0,15,16,17,10,10,6,5,0,18,19,20,10,10,11,6,0,21,22,23,10,12,7,9,0,24,25,26,10,12,5,7,0,27,28,29,10,12,10,5,0,30,31,32,10,12,13,10,0,33,34,35,10,12,3,13,0,36,37,38,10,12,1,3,0,39,40,41,10,4,14,8,0,42,43,44,10,4,2,14,0,45,46,47,10,4,0,2,0,48,49,50,10,4,15,0,0,51,52,53,10,4,11,15,0,54,55,56,10,4,6,11,0,57,58,59,10,13,11,10,0,60,61,62,10,13,15,11,0,63,64,65,10,2,12,14,0,66,67,68,10,2,1,12,0,69,70,71,10,15,3,0,0,72,73,74,10,15,13,3,0,75,76,77,10,14,9,8,0,78,79,80,10,14,12,9,0,81,82,83]
}
