{
	"materials": [
	{
		"mapDiffuse": "textures/window01_2.jpg",
		"mapDiffuseWrap": ["repeat", "repeat"]
	} ],
	"vertices": [-2240,-1328,-272,-2176,-1360,-272,-2240,-1360,-272,-2176,-1328,-272,-2240,-1360,-80,-2176,-1328,-80,-2240,-1328,-80,-2176,-1360,-80],
	"uvs": [[-35,-6.5,-34,-6.6666665,-35,-6.6666665,-35,-6.5,-34,-6.5,-34,-6.6666665,-35,-6.6666665,-34,-6.5,-35,-6.5,-35,-6.6666665,-34,-6.6666665,-34,-6.5,-20.75,0,-21.25,-1,-20.75,-1,-20.75,0,-21.25,0,-21.25,-1,-21.25,0,-20.75,-1,-21.25,-1,-21.25,0,-20.75,0,-20.75,-1,-35,0,-34,-1,-35,-1,-35,0,-34,0,-34,-1,-34,0,-35,-1,-34,-1,-34,0,-35,0,-35,-1],[]],
	"faces": [10,0,1,2,0,0,1,2,10,0,3,1,0,3,4,5,10,4,5,6,0,6,7,8,10,4,7,5,0,9,10,11,10,5,1,3,0,12,13,14,10,5,7,1,0,15,16,17,10,4,0,2,0,18,19,20,10,4,6,0,0,21,22,23,10,6,3,0,0,24,25,26,10,6,5,3,0,27,28,29,10,7,2,1,0,30,31,32,10,7,4,2,0,33,34,35]
}
