{
	"materials": [
	{
		"mapDiffuse": "textures/window01_2.jpg",
		"mapDiffuseWrap": ["repeat", "repeat"]
	} ],
	"vertices": [-2776,-1120,-272,-2768,-1184,-272,-2776,-1184,-272,-2768,-1120,-272,-2776,-1184,-80,-2768,-1120,-80,-2776,-1120,-80,-2768,-1184,-80],
	"uvs": [[-42.875,-5.4166665,-42.75,-5.75,-42.875,-5.75,-42.875,-5.4166665,-42.75,-5.4166665,-42.75,-5.75,-42.875,-5.75,-42.75,-5.4166665,-42.875,-5.4166665,-42.875,-5.75,-42.75,-5.75,-42.75,-5.4166665,-42.875,0,-42.75,-1,-42.875,-1,-42.875,0,-42.75,0,-42.75,-1,-42.75,0,-42.875,-1,-42.75,-1,-42.75,0,-42.875,0,-42.875,-1,-17,0,-18,-1,-17,-1,-17,0,-18,0,-18,-1,-18,0,-17,-1,-18,-1,-18,0,-17,0,-17,-1],[]],
	"faces": [10,0,1,2,0,0,1,2,10,0,3,1,0,3,4,5,10,4,5,6,0,6,7,8,10,4,7,5,0,9,10,11,10,6,3,0,0,12,13,14,10,6,5,3,0,15,16,17,10,7,2,1,0,18,19,20,10,7,4,2,0,21,22,23,10,5,1,3,0,24,25,26,10,5,7,1,0,27,28,29,10,4,0,2,0,30,31,32,10,4,6,0,0,33,34,35]
}
