{
	"materials": [
	{
		"mapDiffuse": "textures/+0button.jpg",
		"mapDiffuseWrap": ["repeat", "repeat"]
	} ],
	"vertices": [-1960,-2232,-208,-1912,-2216,-208,-1960,-2216,-208,-1912,-2232,-208,-1960,-2216,-256,-1960,-2232,-256,-1912,-2232,-256,-1912,-2216,-256],
	"uvs": [[-41.166668,-45.5,-40.166668,-45.166668,-41.166668,-45.166668,-41.166668,-45.5,-40.166668,-45.5,-40.166668,-45.166668,-46.833332,-3.3333335,-46.5,-4.3333335,-46.833332,-4.3333335,-46.833332,-3.3333335,-46.5,-3.3333335,-46.5,-4.3333335,-41.166668,-45.166668,-40.166668,-45.5,-41.166668,-45.5,-41.166668,-45.166668,-40.166668,-45.166668,-40.166668,-45.5,-46.5,-3.3333335,-46.833332,-4.3333335,-46.5,-4.3333335,-46.5,-3.3333335,-46.833332,-3.3333335,-46.833332,-4.3333335,-41.166668,-3.3333335,-40.166668,-4.3333335,-41.166668,-4.3333335,-41.166668,-3.3333335,-40.166668,-3.3333335,-40.166668,-4.3333335,-40,-4,-41,-5,-40,-5,-40,-4,-41,-4,-41,-5],[]],
	"faces": [10,0,1,2,0,0,1,2,10,0,3,1,0,3,4,5,10,0,4,5,0,6,7,8,10,0,2,4,0,9,10,11,10,4,6,5,0,12,13,14,10,4,7,6,0,15,16,17,10,1,6,7,0,18,19,20,10,1,3,6,0,21,22,23,10,2,7,4,0,24,25,26,10,2,1,7,0,27,28,29,10,3,5,6,0,30,31,32,10,3,0,5,0,33,34,35]
}
