{
	"materials": [
	{
		"mapDiffuse": "textures/window01_2.jpg",
		"mapDiffuseWrap": ["repeat", "repeat"]
	} ],
	"vertices": [-2752,-2032,-272,-2688,-2040,-272,-2752,-2040,-272,-2688,-2032,-272,-2752,-2040,-80,-2688,-2032,-80,-2752,-2032,-80,-2688,-2040,-80],
	"uvs": [[-43,-10.166667,-42,-10.208333,-43,-10.208333,-43,-10.166667,-42,-10.166667,-42,-10.208333,-43,-10.208333,-42,-10.166667,-43,-10.166667,-43,-10.208333,-42,-10.208333,-42,-10.166667,-31.875,0,-31.75,-1,-31.875,-1,-31.875,0,-31.75,0,-31.75,-1,-31.75,0,-31.875,-1,-31.75,-1,-31.75,0,-31.875,0,-31.875,-1,-43,0,-42,-1,-43,-1,-43,0,-42,0,-42,-1,-42,0,-43,-1,-42,-1,-42,0,-43,0,-43,-1],[]],
	"faces": [10,0,1,2,0,0,1,2,10,0,3,1,0,3,4,5,10,4,5,6,0,6,7,8,10,4,7,5,0,9,10,11,10,4,0,2,0,12,13,14,10,4,6,0,0,15,16,17,10,5,1,3,0,18,19,20,10,5,7,1,0,21,22,23,10,6,3,0,0,24,25,26,10,6,5,3,0,27,28,29,10,7,2,1,0,30,31,32,10,7,4,2,0,33,34,35]
}
