{
	"materials": [
	{
		"mapDiffuse": "textures/window01_2.jpg",
		"mapDiffuseWrap": ["repeat", "repeat"]
	} ],
	"vertices": [-2616,-1568,-272,-2608,-1632,-272,-2616,-1632,-272,-2608,-1568,-272,-2616,-1632,-80,-2608,-1568,-80,-2616,-1568,-80,-2608,-1632,-80],
	"uvs": [[-40.375,-7.75,-40.25,-8.083333,-40.375,-8.083333,-40.375,-7.75,-40.25,-7.75,-40.25,-8.083333,-40.375,-8.083333,-40.25,-7.75,-40.375,-7.75,-40.375,-8.083333,-40.25,-8.083333,-40.25,-7.75,-40.375,0,-40.25,-1,-40.375,-1,-40.375,0,-40.25,0,-40.25,-1,-40.25,0,-40.375,-1,-40.25,-1,-40.25,0,-40.375,0,-40.375,-1,-24,0,-25,-1,-24,-1,-24,0,-25,0,-25,-1,-25,0,-24,-1,-25,-1,-25,0,-24,0,-24,-1],[]],
	"faces": [10,0,1,2,0,0,1,2,10,0,3,1,0,3,4,5,10,4,5,6,0,6,7,8,10,4,7,5,0,9,10,11,10,6,3,0,0,12,13,14,10,6,5,3,0,15,16,17,10,7,2,1,0,18,19,20,10,7,4,2,0,21,22,23,10,5,1,3,0,24,25,26,10,5,7,1,0,27,28,29,10,4,0,2,0,30,31,32,10,4,6,0,0,33,34,35]
}
