{
	"materials": [
	{
		"mapDiffuse": "textures/window01_2.jpg",
		"mapDiffuseWrap": ["repeat", "repeat"]
	} ],
	"vertices": [-2104,-1856,-272,-2096,-1920,-272,-2104,-1920,-272,-2096,-1856,-272,-2104,-1920,-80,-2096,-1856,-80,-2104,-1856,-80,-2096,-1920,-80],
	"uvs": [[-32.875,-9.25,-32.75,-9.583333,-32.875,-9.583333,-32.875,-9.25,-32.75,-9.25,-32.75,-9.583333,-32.875,-9.583333,-32.75,-9.25,-32.875,-9.25,-32.875,-9.583333,-32.75,-9.583333,-32.75,-9.25,-32.875,0,-32.75,-1,-32.875,-1,-32.875,0,-32.75,0,-32.75,-1,-32.75,0,-32.875,-1,-32.75,-1,-32.75,0,-32.875,0,-32.875,-1,-29,0,-30,-1,-29,-1,-29,0,-30,0,-30,-1,-30,0,-29,-1,-30,-1,-30,0,-29,0,-29,-1],[]],
	"faces": [10,0,1,2,0,0,1,2,10,0,3,1,0,3,4,5,10,4,5,6,0,6,7,8,10,4,7,5,0,9,10,11,10,6,3,0,0,12,13,14,10,6,5,3,0,15,16,17,10,7,2,1,0,18,19,20,10,7,4,2,0,21,22,23,10,5,1,3,0,24,25,26,10,5,7,1,0,27,28,29,10,4,0,2,0,30,31,32,10,4,6,0,0,33,34,35]
}
