{
	"materials": [
	{
		"mapDiffuse": "textures/window01_2.jpg",
		"mapDiffuseWrap": ["repeat", "repeat"]
	} ],
	"vertices": [-2944,-2032,-272,-2880,-2040,-272,-2944,-2040,-272,-2880,-2032,-272,-2944,-2040,-80,-2880,-2032,-80,-2944,-2032,-80,-2880,-2040,-80],
	"uvs": [[-46,-10.166667,-45,-10.208333,-46,-10.208333,-46,-10.166667,-45,-10.166667,-45,-10.208333,-46,-10.208333,-45,-10.166667,-46,-10.166667,-46,-10.208333,-45,-10.208333,-45,-10.166667,-31.75,0,-31.875,-1,-31.75,-1,-31.75,0,-31.875,0,-31.875,-1,-31.875,0,-31.75,-1,-31.875,-1,-31.875,0,-31.75,0,-31.75,-1,-46,0,-45,-1,-46,-1,-46,0,-45,0,-45,-1,-45,0,-46,-1,-45,-1,-45,0,-46,0,-46,-1],[]],
	"faces": [10,0,1,2,0,0,1,2,10,0,3,1,0,3,4,5,10,4,5,6,0,6,7,8,10,4,7,5,0,9,10,11,10,5,1,3,0,12,13,14,10,5,7,1,0,15,16,17,10,4,0,2,0,18,19,20,10,4,6,0,0,21,22,23,10,6,3,0,0,24,25,26,10,6,5,3,0,27,28,29,10,7,2,1,0,30,31,32,10,7,4,2,0,33,34,35]
}
