{
	"materials": [
	{
		"mapDiffuse": "textures/window01_2.jpg",
		"mapDiffuseWrap": ["repeat", "repeat"]
	} ],
	"vertices": [-2432,-2056,-272,-2368,-2064,-272,-2432,-2064,-272,-2368,-2056,-272,-2432,-2064,-80,-2368,-2056,-80,-2432,-2056,-80,-2368,-2064,-80],
	"uvs": [[-38,-10.291667,-37,-10.333333,-38,-10.333333,-38,-10.291667,-37,-10.291667,-37,-10.333333,-38,-10.333333,-37,-10.291667,-38,-10.291667,-38,-10.333333,-37,-10.333333,-37,-10.291667,-32.125,0,-32.25,-1,-32.125,-1,-32.125,0,-32.25,0,-32.25,-1,-32.25,0,-32.125,-1,-32.25,-1,-32.25,0,-32.125,0,-32.125,-1,-37,0,-38,-1,-37,-1,-37,0,-38,0,-38,-1,-38,0,-37,-1,-38,-1,-38,0,-37,0,-37,-1],[]],
	"faces": [10,0,1,2,0,0,1,2,10,0,3,1,0,3,4,5,10,4,5,6,0,6,7,8,10,4,7,5,0,9,10,11,10,5,1,3,0,12,13,14,10,5,7,1,0,15,16,17,10,4,0,2,0,18,19,20,10,4,6,0,0,21,22,23,10,7,2,1,0,24,25,26,10,7,4,2,0,27,28,29,10,6,3,0,0,30,31,32,10,6,5,3,0,33,34,35]
}
