{
	"materials": [
	{
		"mapDiffuse": "textures/+0button.jpg",
		"mapDiffuseWrap": ["repeat", "repeat"]
	} ],
	"vertices": [-512,-1464,96,-496,-1416,96,-512,-1416,96,-496,-1464,96,-512,-1464,48,-496,-1464,48,-512,-1416,48,-496,-1416,48],
	"uvs": [[-10.166667,-29.5,-9.833333,-28.5,-10.166667,-28.5,-10.166667,-29.5,-9.833333,-29.5,-9.833333,-28.5,-9.833333,3,-10.166667,2,-9.833333,2,-9.833333,3,-10.166667,3,-10.166667,2,-10.166667,-28.5,-9.833333,-29.5,-10.166667,-29.5,-10.166667,-28.5,-9.833333,-28.5,-9.833333,-29.5,-10.166667,3,-9.833333,2,-10.166667,2,-10.166667,3,-9.833333,3,-9.833333,2,-30,3,-29,2,-30,2,-30,3,-29,3,-29,2,-29,3,-30,2,-29,2,-29,3,-30,3,-30,2],[]],
	"faces": [10,0,1,2,0,0,1,2,10,0,3,1,0,3,4,5,10,3,4,5,0,6,7,8,10,3,0,4,0,9,10,11,10,6,5,4,0,12,13,14,10,6,7,5,0,15,16,17,10,2,7,6,0,18,19,20,10,2,1,7,0,21,22,23,10,0,6,4,0,24,25,26,10,0,2,6,0,27,28,29,10,1,5,7,0,30,31,32,10,1,3,5,0,33,34,35]
}
