{
	"materials": [
	{
		"mapDiffuse": "textures/+0button.jpg",
		"mapDiffuseWrap": ["repeat", "repeat"]
	} ],
	"vertices": [-2120,-2904,-208,-2072,-2888,-208,-2120,-2888,-208,-2072,-2904,-208,-2120,-2888,-256,-2120,-2904,-256,-2072,-2904,-256,-2072,-2888,-256],
	"uvs": [[-44.166668,-59.5,-43.166668,-59.166668,-44.166668,-59.166668,-44.166668,-59.5,-43.166668,-59.5,-43.166668,-59.166668,-60.5,-3.3333335,-60.166668,-4.3333335,-60.5,-4.3333335,-60.5,-3.3333335,-60.166668,-3.3333335,-60.166668,-4.3333335,-44.166668,-59.166668,-43.166668,-59.5,-44.166668,-59.5,-44.166668,-59.166668,-43.166668,-59.166668,-43.166668,-59.5,-60.166668,-3.3333335,-60.5,-4.3333335,-60.166668,-4.3333335,-60.166668,-3.3333335,-60.5,-3.3333335,-60.5,-4.3333335,-43.166668,-3.3333335,-44.166668,-4.3333335,-43.166668,-4.3333335,-43.166668,-3.3333335,-44.166668,-3.3333335,-44.166668,-4.3333335,-44,-3,-43,-4,-44,-4,-44,-3,-43,-3,-43,-4],[]],
	"faces": [10,0,1,2,0,0,1,2,10,0,3,1,0,3,4,5,10,0,4,5,0,6,7,8,10,0,2,4,0,9,10,11,10,4,6,5,0,12,13,14,10,4,7,6,0,15,16,17,10,1,6,7,0,18,19,20,10,1,3,6,0,21,22,23,10,3,5,6,0,24,25,26,10,3,0,5,0,27,28,29,10,2,7,4,0,30,31,32,10,2,1,7,0,33,34,35]
}
