{
	"materials": [
	{
		"mapDiffuse": "textures/window01_2.jpg",
		"mapDiffuseWrap": ["repeat", "repeat"]
	} ],
	"vertices": [-2176,-968,-272,-2112,-976,-272,-2176,-976,-272,-2112,-968,-272,-2176,-976,-80,-2112,-968,-80,-2176,-968,-80,-2112,-976,-80],
	"uvs": [[-34,-4.625,-33,-4.6666665,-34,-4.6666665,-34,-4.625,-33,-4.625,-33,-4.6666665,-34,-4.6666665,-33,-4.625,-34,-4.625,-34,-4.6666665,-33,-4.6666665,-33,-4.625,-15.125,0,-15.25,-1,-15.125,-1,-15.125,0,-15.25,0,-15.25,-1,-15.25,0,-15.125,-1,-15.25,-1,-15.25,0,-15.125,0,-15.125,-1,-33,0,-34,-1,-33,-1,-33,0,-34,0,-34,-1,-34,0,-33,-1,-34,-1,-34,0,-33,0,-33,-1],[]],
	"faces": [10,0,1,2,0,0,1,2,10,0,3,1,0,3,4,5,10,4,5,6,0,6,7,8,10,4,7,5,0,9,10,11,10,5,1,3,0,12,13,14,10,5,7,1,0,15,16,17,10,4,0,2,0,18,19,20,10,4,6,0,0,21,22,23,10,7,2,1,0,24,25,26,10,7,4,2,0,27,28,29,10,6,3,0,0,30,31,32,10,6,5,3,0,33,34,35]
}
