{
	"materials": [
	{
		"mapDiffuse": "textures/+0button.jpg",
		"mapDiffuseWrap": ["repeat", "repeat"]
	} ],
	"vertices": [-616,-72,224,-568,-64,224,-616,-64,224,-568,-72,224,-616,-64,176,-616,-72,176,-568,-72,176,-568,-64,176],
	"uvs": [[-12.666667,-1.1666667,-11.666667,-1,-12.666667,-1,-12.666667,-1.1666667,-11.666667,-1.1666667,-11.666667,-1,-1.3333334,5,-1.1666666,4,-1.3333334,4,-1.3333334,5,-1.1666666,5,-1.1666666,4,-12.666667,-1,-11.666667,-1.1666667,-12.666667,-1.1666667,-12.666667,-1,-11.666667,-1,-11.666667,-1.1666667,-1.1666666,5,-1.3333334,4,-1.1666666,4,-1.1666666,5,-1.3333334,5,-1.3333334,4,-12.666667,5,-11.666667,4,-12.666667,4,-12.666667,5,-11.666667,5,-11.666667,4,-12,5,-13,4,-12,4,-12,5,-13,5,-13,4],[]],
	"faces": [10,0,1,2,0,0,1,2,10,0,3,1,0,3,4,5,10,0,4,5,0,6,7,8,10,0,2,4,0,9,10,11,10,4,6,5,0,12,13,14,10,4,7,6,0,15,16,17,10,1,6,7,0,18,19,20,10,1,3,6,0,21,22,23,10,2,7,4,0,24,25,26,10,2,1,7,0,27,28,29,10,3,5,6,0,30,31,32,10,3,0,5,0,33,34,35]
}
