{
	"materials": [
	{
		"mapDiffuse": "textures/window01_2.jpg",
		"mapDiffuseWrap": ["repeat", "repeat"]
	} ],
	"vertices": [-3032,-1824,-272,-3024,-1888,-272,-3032,-1888,-272,-3024,-1824,-272,-3032,-1888,-80,-3024,-1824,-80,-3032,-1824,-80,-3024,-1888,-80],
	"uvs": [[-46.875,-9.083333,-46.75,-9.416667,-46.875,-9.416667,-46.875,-9.083333,-46.75,-9.083333,-46.75,-9.416667,-46.875,-9.416667,-46.75,-9.083333,-46.875,-9.083333,-46.875,-9.416667,-46.75,-9.416667,-46.75,-9.083333,-46.75,0,-46.875,-1,-46.75,-1,-46.75,0,-46.875,0,-46.875,-1,-46.875,0,-46.75,-1,-46.875,-1,-46.875,0,-46.75,0,-46.75,-1,-28,0,-29,-1,-28,-1,-28,0,-29,0,-29,-1,-29,0,-28,-1,-29,-1,-29,0,-28,0,-28,-1],[]],
	"faces": [10,0,1,2,0,0,1,2,10,0,3,1,0,3,4,5,10,4,5,6,0,6,7,8,10,4,7,5,0,9,10,11,10,7,2,1,0,12,13,14,10,7,4,2,0,15,16,17,10,6,3,0,0,18,19,20,10,6,5,3,0,21,22,23,10,5,1,3,0,24,25,26,10,5,7,1,0,27,28,29,10,4,0,2,0,30,31,32,10,4,6,0,0,33,34,35]
}
