{
	"materials": [
	{
		"mapDiffuse": "textures/wmet1_1.jpg",
		"mapDiffuseWrap": ["repeat", "repeat"]
	} ],
	"vertices": [64,1536,192,176,1536,176,64,1536,176,176,1536,192,32,1312,176,43,1312,176,32,1293.4736,176,32,1480,176,-96,1256,176,-128,1024,176,-192,1088,176,9.75,1256,176,43,1312,192,32,1312,192,32,1293.4736,192,32,1480,192,9.75,1256,192,-192,1088,192,-128,1024,192,-96,1256,192,-64,1312,176,-64,1312,192,138,1472,176,138,1472,192,5,1248,192,5,1248,176],
	"uvs": [[1,4,2.75,3.75,1,3.75,1,4,2.75,4,2.75,3.75,0.5,21.5,0.671875,21.5,0.5,21.210526,1,25,0.5,21.5,0.5,24.125,1,25,0.671875,21.5,0.5,21.5,1,25,2.75,25,0.671875,21.5,-1.5,20.625,-2,17,-3,18,-1.5,20.625,0.15234375,20.625,-2,17,0.5,24.125,0.15234375,20.625,-1.5,20.625,0.5,24.125,0.5,21.210526,0.15234375,20.625,0.671875,21.5,0.5,21.5,0.5,21.210526,2.75,25,0.5,21.5,0.671875,21.5,2.75,25,0.5,24.125,0.5,21.5,2.75,25,1,25,0.5,24.125,0.15234375,20.625,-3,18,-2,17,0.15234375,20.625,-1.5,20.625,-3,18,0.5,21.210526,-1.5,20.625,0.15234375,20.625,0.5,21.210526,0.5,24.125,-1.5,20.625,20.5,3.75,24,4,24,3.75,20.5,3.75,20.5,4,24,4,17,4,20.5,3.75,17,3.75,17,4,20.5,4,20.5,3.75,24,4,23,3.75,24,3.75,24,4,23,4,23,3.75,23,3.75,19.5,4,19.5,3.75,23,3.75,23,4,19.5,4,19.5,3.75,16,4,16,3.75,19.5,3.75,19.5,4,16,4,16,4,17,3.75,16,3.75,16,4,17,4,17,3.75],[]],
	"faces": [10,0,1,2,0,0,1,2,10,0,3,1,0,3,4,5,10,4,5,6,0,6,7,8,10,2,4,7,0,9,10,11,10,2,5,4,0,12,13,14,10,2,1,5,0,15,16,17,10,8,9,10,0,18,19,20,10,8,11,9,0,21,22,23,10,7,11,8,0,24,25,26,10,7,6,11,0,27,28,29,10,12,13,14,0,30,31,32,10,3,13,12,0,33,34,35,10,3,15,13,0,36,37,38,10,3,0,15,0,39,40,41,10,16,17,18,0,42,43,44,10,16,19,17,0,45,46,47,10,14,19,16,0,48,49,50,10,14,15,19,0,51,52,53,10,20,0,2,0,54,55,56,10,20,21,0,0,57,58,59,10,17,20,10,0,60,61,62,10,17,21,20,0,63,64,65,10,3,22,1,0,66,67,68,10,3,23,22,0,69,70,71,10,22,24,25,0,72,73,74,10,22,23,24,0,75,76,77,10,25,18,9,0,78,79,80,10,25,24,18,0,81,82,83,10,18,10,9,0,84,85,86,10,18,17,10,0,87,88,89]
}
