{
	"materials": [
	{
		"mapDiffuse": "textures/window01_2.jpg",
		"mapDiffuseWrap": ["repeat", "repeat"]
	} ],
	"vertices": [1304,104,128,1368,88,128,1304,88,128,1368,104,128,1304,88,320,1368,104,320,1304,104,320,1368,88,320],
	"uvs": [[21,0.875,22,0.7916667,21,0.7916667,21,0.875,22,0.875,22,0.7916667,21,0.7916667,22,0.875,21,0.875,21,0.7916667,22,0.7916667,22,0.875,2.25,2,2,1,2.25,1,2.25,2,2,2,2,1,2,2,2.25,1,2,1,2,2,2.25,2,2.25,1,21,2,22,1,21,1,21,2,22,2,22,1,22,2,21,1,22,1,22,2,21,2,21,1],[]],
	"faces": [10,0,1,2,0,0,1,2,10,0,3,1,0,3,4,5,10,4,5,6,0,6,7,8,10,4,7,5,0,9,10,11,10,5,1,3,0,12,13,14,10,5,7,1,0,15,16,17,10,4,0,2,0,18,19,20,10,4,6,0,0,21,22,23,10,6,3,0,0,24,25,26,10,6,5,3,0,27,28,29,10,7,2,1,0,30,31,32,10,7,4,2,0,33,34,35]
}
