{
	"materials": [
	{
		"mapDiffuse": "textures/trigger.jpg",
		"mapDiffuseWrap": ["repeat", "repeat"]
	} ],
	"vertices": [368,-464,175,368,-472,160,368,-464,160,368,-472,175,144,-472,175,144,-464,160,144,-472,160,144,-464,175],
	"uvs": [[-7.25,3.734375,-7.375,3.5,-7.25,3.5,-7.25,3.734375,-7.375,3.734375,-7.375,3.5,-7.375,3.734375,-7.25,3.5,-7.375,3.5,-7.375,3.734375,-7.25,3.734375,-7.25,3.5,2.25,-6.25,5.75,-6.375,2.25,-6.375,2.25,-6.25,5.75,-6.25,5.75,-6.375,2.25,-6.375,5.75,-6.25,2.25,-6.25,2.25,-6.375,5.75,-6.375,5.75,-6.25,2.25,3.734375,5.75,3.5,2.25,3.5,2.25,3.734375,5.75,3.734375,5.75,3.5,5.75,3.734375,2.25,3.5,5.75,3.5,5.75,3.734375,2.25,3.734375,2.25,3.5],[]],
	"faces": [10,0,1,2,0,0,1,2,10,0,3,1,0,3,4,5,10,4,5,6,0,6,7,8,10,4,7,5,0,9,10,11,10,5,1,6,0,12,13,14,10,5,2,1,0,15,16,17,10,4,0,7,0,18,19,20,10,4,3,0,0,21,22,23,10,7,2,5,0,24,25,26,10,7,0,2,0,27,28,29,10,3,6,1,0,30,31,32,10,3,4,6,0,33,34,35]
}
