{
	"materials": [
	{
		"mapDiffuse": "textures/door05_2.jpg",
		"mapDiffuseWrap": ["repeat", "repeat"]
	} ],
	"vertices": [2136,312,120,2152,240,120,2136,240,120,2152,312,120,2136,240,264,2152,312,264,2136,312,264,2152,240,264],
	"uvs": [[16.75,2.9583335,16.875,2.5833335,16.75,2.5833335,16.75,2.9583335,16.875,2.9583335,16.875,2.5833335,16.75,2.5833335,16.875,2.9583335,16.75,2.9583335,16.75,2.5833335,16.875,2.5833335,16.875,2.9583335,16.875,2.7083335,16.75,1.9583333,16.875,1.9583333,16.875,2.7083335,16.75,2.7083335,16.75,1.9583333,16.75,2.7083335,16.875,1.9583333,16.75,1.9583333,16.75,2.7083335,16.875,2.7083335,16.875,1.9583333,2.5,2.7083335,1.9375,1.9583333,2.5,1.9583333,2.5,2.7083335,1.9375,2.7083335,1.9375,1.9583333,1.9375,2.7083335,2.5,1.9583333,1.9375,1.9583333,1.9375,2.7083335,2.5,2.7083335,2.5,1.9583333],[]],
	"faces": [10,0,1,2,0,0,1,2,10,0,3,1,0,3,4,5,10,4,5,6,0,6,7,8,10,4,7,5,0,9,10,11,10,7,2,1,0,12,13,14,10,7,4,2,0,15,16,17,10,6,3,0,0,18,19,20,10,6,5,3,0,21,22,23,10,5,1,3,0,24,25,26,10,5,7,1,0,27,28,29,10,4,0,2,0,30,31,32,10,4,6,0,0,33,34,35]
}
