{
	"materials": [
	{
		"mapDiffuse": "textures/wizwood1_8.jpg",
		"mapDiffuseWrap": ["repeat", "repeat"]
	} ],
	"vertices": [400,-640,407,400,-720,392,400,-640,392,400,-720,407,224,-720,407,224,-640,392,224,-720,392,224,-640,407],
	"uvs": [[-10,7.359375,-11.25,7.125,-10,7.125,-10,7.359375,-11.25,7.359375,-11.25,7.125,-11.25,7.359375,-10,7.125,-11.25,7.125,-11.25,7.359375,-10,7.359375,-10,7.125,3.5,7.359375,6.25,7.125,3.5,7.125,3.5,7.359375,6.25,7.359375,6.25,7.125,6.25,7.359375,3.5,7.125,6.25,7.125,6.25,7.359375,3.5,7.359375,3.5,7.125,3.5,-9,6.25,-10.25,3.5,-10.25,3.5,-9,6.25,-9,6.25,-10.25,3.5,-10.25,6.25,-9,3.5,-9,3.5,-10.25,6.25,-10.25,6.25,-9],[]],
	"faces": [10,0,1,2,0,0,1,2,10,0,3,1,0,3,4,5,10,4,5,6,0,6,7,8,10,4,7,5,0,9,10,11,10,7,2,5,0,12,13,14,10,7,0,2,0,15,16,17,10,3,6,1,0,18,19,20,10,3,4,6,0,21,22,23,10,5,1,6,0,24,25,26,10,5,2,1,0,27,28,29,10,4,0,7,0,30,31,32,10,4,3,0,0,33,34,35]
}
