{
	"materials": [
	{
		"mapDiffuse": "textures/+0shoot.jpg",
		"mapDiffuseWrap": ["repeat", "repeat"]
	} ],
	"vertices": [-2488,312,-184,-2488,320,-224,-2488,312,-224,-2488,320,-184,-2440,320,-184,-2440,312,-224,-2440,320,-224,-2440,312,-184],
	"uvs": [[6.3333335,-3,6.5,-3.8333335,6.3333335,-3.8333335,6.3333335,-3,6.5,-3,6.5,-3.8333335,6.5,-3,6.3333335,-3.8333335,6.5,-3.8333335,6.5,-3,6.3333335,-3,6.3333335,-3.8333335,-52,7.5,-51,7.3333335,-52,7.3333335,-52,7.5,-51,7.5,-51,7.3333335,-52,7.3333335,-51,7.5,-52,7.5,-52,7.3333335,-51,7.3333335,-51,7.5,-52,-3,-51,-3.8333335,-52,-3.8333335,-52,-3,-51,-3,-51,-3.8333335,-51,-3,-52,-3.8333335,-51,-3.8333335,-51,-3,-52,-3,-52,-3.8333335],[]],
	"faces": [10,0,1,2,0,0,1,2,10,0,3,1,0,3,4,5,10,4,5,6,0,6,7,8,10,4,7,5,0,9,10,11,10,1,5,2,0,12,13,14,10,1,6,5,0,15,16,17,10,0,4,3,0,18,19,20,10,0,7,4,0,21,22,23,10,3,6,1,0,24,25,26,10,3,4,6,0,27,28,29,10,7,2,5,0,30,31,32,10,7,0,2,0,33,34,35]
}
