{
	"materials": [
	{
		"mapDiffuse": "textures/dung01_1.jpg",
		"mapDiffuseWrap": ["repeat", "repeat"]
	} ],
	"vertices": [512,388,128,640,396,128,512,396,128,640,388,128,512,396,0,512,388,0],
	"uvs": [[4,4.03125,5,4.09375,4,4.09375,4,4.03125,5,4.03125,5,4.09375,3.03125,2,3.09375,1,3.03125,1,3.03125,2,3.09375,2,3.09375,1,4,2,5,2,4,1,5,2,4,2,4,1,5,4.09375,4,4.03125,4,4.09375,5,4.09375,5,4.03125,4,4.03125],[]],
	"faces": [10,0,1,2,0,0,1,2,10,0,3,1,0,3,4,5,10,0,4,5,0,6,7,8,10,0,2,4,0,9,10,11,10,2,1,4,0,12,13,14,10,3,0,5,0,15,16,17,10,1,5,4,0,18,19,20,10,1,3,5,0,21,22,23]
}
