{
	"materials": [
	{
		"mapDiffuse": "textures/metal2_5.jpg",
		"mapDiffuseWrap": ["repeat", "repeat"]
	} ],
	"vertices": [-978,-1448,128,-978,-1440,0,-978,-1448,0,-978,-1440,128,-936,-1472,128,-926,-1464,128,-936,-1464,128,-926,-1472,128,-960,-1440,128,-960,-1448,128,-936,-1464,0,-926,-1472,0,-936,-1472,0,-926,-1464,0,-960,-1448,0,-960,-1440,0,-1024,-1448,128,-1006,-1440,128,-1024,-1440,128,-1006,-1448,128,-1058,-1472,128,-1048,-1464,128,-1058,-1464,128,-1048,-1472,128,-1024,-1440,0,-1006,-1448,0,-1024,-1448,0,-1006,-1440,0,-1058,-1464,0,-1048,-1472,0,-1058,-1472,0,-1048,-1464,0],
	"uvs": [[-22.625,3,-22.5,1,-22.625,1,-22.625,3,-22.5,3,-22.5,1,-14.625,-22,-14.46875,-21.875,-14.625,-21.875,-14.625,-22,-14.46875,-22,-14.46875,-21.875,-15.28125,-21.625,-15,-21.5,-15.28125,-21.5,-15.28125,-21.625,-15,-21.625,-15,-21.5,-14.625,-21.875,-14.46875,-22,-14.625,-22,-14.625,-21.875,-14.46875,-21.875,-14.46875,-22,-15.28125,-21.5,-15,-21.625,-15.28125,-21.625,-15.28125,-21.5,-15,-21.5,-15,-21.625,-22.5,3,-22.625,1,-22.5,1,-22.5,3,-22.625,3,-22.625,1,-23,3,-22.875,1,-23,1,-23,3,-22.875,3,-22.875,1,-22.875,3,-23,1,-22.875,1,-22.875,3,-23,3,-23,1,-14.46875,3,-14.625,1,-14.46875,1,-14.46875,3,-14.625,3,-14.625,1,-14.625,3,-14.46875,1,-14.625,1,-14.625,3,-14.46875,3,-14.46875,1,-15.28125,3,-15,1,-15.28125,1,-15.28125,3,-15,3,-15,1,-15,3,-15.28125,1,-15,1,-15,3,-15.28125,3,-15.28125,1,-16,-21.625,-15.71875,-21.5,-16,-21.5,-16,-21.625,-15.71875,-21.625,-15.71875,-21.5,-16.53125,-22,-16.375,-21.875,-16.53125,-21.875,-16.53125,-22,-16.375,-22,-16.375,-21.875,-16,-21.5,-15.71875,-21.625,-16,-21.625,-16,-21.5,-15.71875,-21.5,-15.71875,-21.625,-16.53125,-21.875,-16.375,-22,-16.53125,-22,-16.53125,-21.875,-16.375,-21.875,-16.375,-22,-22.625,3,-22.5,1,-22.625,1,-22.625,3,-22.5,3,-22.5,1,-22.5,3,-22.625,1,-22.5,1,-22.5,3,-22.625,3,-22.625,1,-15.71875,3,-16,1,-15.71875,1,-15.71875,3,-16,3,-16,1,-16,3,-15.71875,1,-16,1,-16,3,-15.71875,3,-15.71875,1,-22.875,3,-23,1,-22.875,1,-22.875,3,-23,3,-23,1,-23,3,-22.875,1,-23,1,-23,3,-22.875,3,-22.875,1,-16.375,3,-16.53125,1,-16.375,1,-16.375,3,-16.53125,3,-16.53125,1,-16.53125,3,-16.375,1,-16.53125,1,-16.53125,3,-16.375,3,-16.375,1],[]],
	"faces": [10,0,1,2,0,0,1,2,10,0,3,1,0,3,4,5,10,4,5,6,0,6,7,8,10,4,7,5,0,9,10,11,10,0,8,3,0,12,13,14,10,0,9,8,0,15,16,17,10,10,11,12,0,18,19,20,10,10,13,11,0,21,22,23,10,1,14,2,0,24,25,26,10,1,15,14,0,27,28,29,10,8,14,15,0,30,31,32,10,8,9,14,0,33,34,35,10,4,10,12,0,36,37,38,10,4,6,10,0,39,40,41,10,5,11,13,0,42,43,44,10,5,7,11,0,45,46,47,10,7,12,11,0,48,49,50,10,7,4,12,0,51,52,53,10,6,13,10,0,54,55,56,10,6,5,13,0,57,58,59,10,3,15,1,0,60,61,62,10,3,8,15,0,63,64,65,10,9,2,14,0,66,67,68,10,9,0,2,0,69,70,71,10,16,17,18,0,72,73,74,10,16,19,17,0,75,76,77,10,20,21,22,0,78,79,80,10,20,23,21,0,81,82,83,10,24,25,26,0,84,85,86,10,24,27,25,0,87,88,89,10,28,29,30,0,90,91,92,10,28,31,29,0,93,94,95,10,16,24,26,0,96,97,98,10,16,18,24,0,99,100,101,10,17,25,27,0,102,103,104,10,17,19,25,0,105,106,107,10,19,26,25,0,108,109,110,10,19,16,26,0,111,112,113,10,18,27,24,0,114,115,116,10,18,17,27,0,117,118,119,10,21,29,31,0,120,121,122,10,21,23,29,0,123,124,125,10,20,28,30,0,126,127,128,10,20,22,28,0,129,130,131,10,23,30,29,0,132,133,134,10,23,20,30,0,135,136,137,10,22,31,28,0,138,139,140,10,22,21,31,0,141,142,143]
}
