{
	"materials": [
	{
		"mapDiffuse": "textures/+0button.jpg",
		"mapDiffuseWrap": ["repeat", "repeat"]
	} ],
	"vertices": [2408,1152,-56,2456,1160,-56,2408,1160,-56,2456,1152,-56,2408,1160,-104,2456,1152,-104,2408,1152,-104,2456,1160,-104],
	"uvs": [[50,25.166666,51,25.333334,50,25.333334,50,25.166666,51,25.166666,51,25.333334,50,25.333334,51,25.166666,50,25.166666,50,25.333334,51,25.333334,51,25.166666,23.833334,0,24,-1,23.833334,-1,23.833334,0,24,0,24,-1,24,0,23.833334,-1,24,-1,24,0,23.833334,0,23.833334,-1,51,0,50,-1,51,-1,51,0,50,0,50,-1,50,0,51,-1,50,-1,50,0,51,0,51,-1],[]],
	"faces": [10,0,1,2,0,0,1,2,10,0,3,1,0,3,4,5,10,4,5,6,0,6,7,8,10,4,7,5,0,9,10,11,10,0,4,6,0,12,13,14,10,0,2,4,0,15,16,17,10,1,5,7,0,18,19,20,10,1,3,5,0,21,22,23,10,3,6,5,0,24,25,26,10,3,0,6,0,27,28,29,10,2,7,4,0,30,31,32,10,2,1,7,0,33,34,35]
}
