{
	"materials": [
	{
		"mapDiffuse": "textures/+0shoot.jpg",
		"mapDiffuseWrap": ["repeat", "repeat"]
	} ],
	"vertices": [872,384,-832,864,384,-880,872,384,-880,864,384,-832,864,432,-880,872,432,-880,872,432,-832,864,432,-832],
	"uvs": [[18.166666,-16,18,-17,18.166666,-17,18.166666,-16,18,-16,18,-17,18,10.333333,18.166666,9.333333,18,9.333333,18,10.333333,18.166666,10.333333,18.166666,9.333333,18,9.333333,18.166666,10.333333,18,10.333333,18,9.333333,18.166666,9.333333,18.166666,10.333333,18,-16,18.166666,-17,18,-17,18,-16,18.166666,-16,18.166666,-17,8,-16,9,-17,8,-17,8,-16,9,-16,9,-17,9,-16,8,-17,9,-17,9,-16,8,-16,8,-17],[]],
	"faces": [10,0,1,2,0,0,1,2,10,0,3,1,0,3,4,5,10,4,2,1,0,6,7,8,10,4,5,2,0,9,10,11,10,3,6,7,0,12,13,14,10,3,0,6,0,15,16,17,10,7,5,4,0,18,19,20,10,7,6,5,0,21,22,23,10,3,4,1,0,24,25,26,10,3,7,4,0,27,28,29,10,6,2,5,0,30,31,32,10,6,0,2,0,33,34,35]
}
