{
	"materials": [
	{
		"mapDiffuse": "textures/cop1_1.jpg",
		"mapDiffuseWrap": ["repeat", "repeat"]
	} ],
	"vertices": [-704.7273,1352,103.27273,-735.2727,1352,72.72727,-704.7273,1352,72.72727,-735.2727,1352,103.27273,-720,1520,88],
	"uvs": [[-11.011364,2.6136365,-11.488636,2.1363635,-11.011364,2.1363635,-11.011364,2.6136365,-11.488636,2.6136365,-11.488636,2.1363635,23.75,2.375,21.125,2.6136365,21.125,2.1363635,-11.011364,22.125,-11.488636,22.125,-11.25,24.75,21.125,2.6136365,23.75,2.375,21.125,2.1363635,-11.488636,22.125,-11.011364,22.125,-11.25,24.75],[]],
	"faces": [10,0,1,2,0,0,1,2,10,0,3,1,0,3,4,5,10,4,0,2,0,6,7,8,10,2,1,4,0,9,10,11,10,3,4,1,0,12,13,14,10,3,0,4,0,15,16,17]
}
