{
	"materials": [
	{
		"mapDiffuse": "textures/city4_7.jpg",
		"mapDiffuseWrap": ["repeat", "repeat"]
	} ],
	"vertices": [576,2016,-16,736,2016,0,736,2016,-16,576,2016,0,352,2016,0,352,2016,-16,688,1600,0,618.6667,1600,-16,688,1600,-16,618.6667,1600,0,394.66666,1600,0,394.66666,1600,-16,352,1888,-16,352,1888,0,352,1664,0,352,1664,-16,736,1888,-16,736,1888,0,736,1664,0,736,1664,-16,736,1792,0,576,1600,0,576,1792,0,352,1792,0,576,1600,-16,736,1792,-16,576,1792,-16,352,1792,-16],
	"uvs": [[9,0.75,11.5,1,11.5,0.75,9,0.75,9,1,11.5,1,5.5,1,9,0.75,5.5,0.75,5.5,1,9,1,9,0.75,10.75,1,9.666667,0.75,10.75,0.75,10.75,1,9.666667,1,9.666667,0.75,9.666667,0.75,6.1666665,1,6.1666665,0.75,9.666667,0.75,9.666667,1,6.1666665,1,29.5,0.75,31.5,1,31.5,0.75,29.5,0.75,29.5,1,31.5,1,26,1,29.5,0.75,26,0.75,26,1,29.5,1,29.5,0.75,31.5,1,29.5,0.75,31.5,0.75,31.5,1,29.5,1,29.5,0.75,29.5,0.75,26,1,26,0.75,29.5,0.75,29.5,1,26,1,11.5,29,10.75,26,11.5,27,11.5,29,9,26,10.75,26,11.5,29,9,29,9,26,11.5,32.5,9,29,11.5,29,11.5,32.5,9,32.5,9,29,9,26,5.5,27,6.1666665,26,9,26,5.5,29,5.5,27,9,26,9,29,5.5,29,5.5,29,9,32.5,5.5,32.5,5.5,29,9,29,9,32.5,9,26,11.5,27,10.75,26,9,26,11.5,29,11.5,27,9,26,9,29,11.5,29,11.5,29,9,32.5,11.5,32.5,11.5,29,9,29,9,32.5,5.5,29,6.1666665,26,5.5,27,5.5,29,9,26,6.1666665,26,5.5,29,9,29,9,26,5.5,32.5,9,29,5.5,29,5.5,32.5,9,32.5,9,29,26,1,25,0.75,26,0.75,26,1,25,1,25,0.75,25,1,26,0.75,25,0.75,25,1,26,1,26,0.75],[]],
	"faces": [10,0,1,2,0,0,1,2,10,0,3,1,0,3,4,5,10,4,0,5,0,6,7,8,10,4,3,0,0,9,10,11,10,6,7,8,0,12,13,14,10,6,9,7,0,15,16,17,10,7,10,11,0,18,19,20,10,7,9,10,0,21,22,23,10,12,4,5,0,24,25,26,10,12,13,4,0,27,28,29,10,14,12,15,0,30,31,32,10,14,13,12,0,33,34,35,10,1,16,2,0,36,37,38,10,1,17,16,0,39,40,41,10,16,18,19,0,42,43,44,10,16,17,18,0,45,46,47,10,20,6,18,0,48,49,50,10,20,21,6,0,51,52,53,10,20,22,21,0,54,55,56,10,1,22,20,0,57,58,59,10,1,3,22,0,60,61,62,10,21,14,10,0,63,64,65,10,21,23,14,0,66,67,68,10,21,22,23,0,69,70,71,10,23,3,4,0,72,73,74,10,23,22,3,0,75,76,77,10,24,19,8,0,78,79,80,10,24,25,19,0,81,82,83,10,24,26,25,0,84,85,86,10,25,0,2,0,87,88,89,10,25,26,0,0,90,91,92,10,27,11,15,0,93,94,95,10,27,24,11,0,96,97,98,10,27,26,24,0,99,100,101,10,5,26,27,0,102,103,104,10,5,0,26,0,105,106,107,10,18,8,19,0,108,109,110,10,18,6,8,0,111,112,113,10,10,15,11,0,114,115,116,10,10,14,15,0,117,118,119]
}
