{
	"materials": [
	{
		"mapDiffuse": "textures/bolt.jpg",
		"mapDiffuseWrap": ["repeat", "repeat"]
	} ],
	"vertices": [-0.1117363,-0.15466547,3.9357703,8.921314,1.188631,2.916519,11.054117,0.24832344,-1.7093145,-0.1117363,-2.9755888,-0.0628314,-0.1117363,3.1140232,-0.0628314,21.592676,6.2931585,-3.1989896,23.223644,2.1289387,-1.3956987,31.754858,-2.9755888,-1.0428808,16.07248,1.0095248,2.681307,16.448856,-5.1248636,1.5052478,8.921314,4.2782135,0.9956219,24.352774,4.054331,1.3092377,31.754858,3.1140232,-1.0428808,16.699774,-3.2890248,6.797515,31.880316,-0.15466547,2.9949229],
	"uvs": [[0.22685185,0.7173913,0.2777778,0.6195652,0.24074075,0.2173913,0.12037037,0.36956522,0.3472222,0.36956522,0.4675926,0.08695652,0.3101852,0.25,0.12037037,0.2826087,0.2685185,0.6086956,0.041666668,0.5,0.3888889,0.45652175,0.38425925,0.48913044,0.3472222,0.2826087,0.11111111,0.9673913,0.22685185,0.6304348,0.7268519,0.7173913,0.7777778,0.6195652,0.7407407,0.2173913,0.6203704,0.36956522,0.8472222,0.36956522,0.9675926,0.08695652,0.8101852,0.25,0.6203704,0.2826087,0.7685185,0.6086956,0.5416667,0.5,0.8888889,0.45652175,0.8842593,0.48913044,0,0,0.6111111,0.9673913,0.7268519,0.6304348]],
	"faces": [10,0,2,1,0,0,2,1,10,3,0,4,0,18,15,19,10,5,7,6,0,20,22,21,10,8,6,9,0,23,21,24,10,10,9,2,0,10,9,2,10,4,2,3,0,19,17,18,10,11,12,5,0,11,12,5,10,13,5,8,0,13,5,8,10,1,8,10,0,1,8,10,10,0,10,4,0,15,25,19,10,11,7,14,0,26,22,29,10,13,6,11,0,13,6,11,10,1,9,13,0,16,24,28,10,2,0,3,0,2,0,3,10,7,5,12,0,7,5,12,10,6,8,5,0,21,23,20,10,9,10,8,0,9,10,8,10,2,4,10,0,2,4,10,10,12,11,14,0,12,11,14,10,5,13,11,0,20,28,26,10,8,1,13,0,8,1,13,10,10,0,1,0,10,0,1,10,7,11,6,0,22,26,21,10,6,13,9,0,6,13,9,10,9,1,2,0,24,16,17,10,14,7,12,0,14,7,12]
}
