{
	"materials": [
	{
		"mapDiffuse": "textures/bolt3.jpg",
		"mapDiffuseWrap": ["repeat", "repeat"]
	} ],
	"vertices": [127.843735,-0.24874115,4.1711197,91.74244,-8.387209,-1.7156601,91.241035,-5.5148087,-9.350077,127.843735,4.05986,-2.8194308,127.843735,-3.440298,-0.33594608,39.59613,-20.6747,-9.809981,38.593315,-12.69581,-6.9585724,-0.015012156,4.6981716,-0.8878317,61.65803,10.123816,9.506013,61.65803,20.017641,5.274891,91.74244,-11.419188,-5.67084,37.089096,-15.408632,-4.291126,-0.015012156,-2.961563,-3.831221,61.65803,13.794104,13.645156,-0.015012156,0.38957024,3.2513103],
	"uvs": [[0.47727272,0.5833333,0.3474026,0.3888889,0.34415585,0.1388889,0.47727272,0.3611111,0.48051947,0.44444445,0.1525974,0.1388889,0.14935064,0.22222222,0.5064935,0.41666666,0.23376623,0.75,0.23376623,0.6111111,0.3474026,0.25,0.14610389,0.30555555,0.0064935065,0.30555555,0.23376623,0.8611111,0.0064935065,0.5555556,0.97727275,0.5833333,0.8474026,0.3888889,0.84415585,0.1388889,0.97727275,0.3611111,0.9805195,0.44444445,0.6525974,0.1388889,0.64935064,0.22222222,0,0,0.73376626,0.75,0.73376626,0.6111111,0,0,0.6461039,0.30555555,0.5064935,0.30555555,0.73376626,0.8611111,0.5064935,0.5555556]],
	"faces": [10,0,2,1,0,15,17,16,10,3,0,4,0,18,15,19,10,5,7,6,0,20,7,21,10,8,6,9,0,8,6,9,10,10,9,2,0,10,9,2,10,4,2,3,0,4,2,3,10,11,12,5,0,11,12,5,10,13,5,8,0,13,5,8,10,1,8,10,0,1,8,10,10,0,10,4,0,0,10,4,10,11,7,14,0,26,7,29,10,13,6,11,0,28,21,26,10,1,9,13,0,16,24,28,10,2,0,3,0,17,15,18,10,7,5,12,0,7,20,27,10,6,8,5,0,21,23,20,10,9,10,8,0,9,10,8,10,2,4,10,0,2,4,10,10,12,11,14,0,12,11,14,10,5,13,11,0,5,13,11,10,8,1,13,0,8,1,13,10,10,0,1,0,10,0,1,10,7,11,6,0,7,26,21,10,6,13,9,0,21,28,24,10,9,1,2,0,24,16,17,10,14,7,12,0,29,7,27]
}
