{
	"materials": [
	{
		"mapDiffuse": "textures/h_player.jpg",
		"mapDiffuseWrap": ["repeat", "repeat"]
	} ],
	"vertices": [-7.722471,-5.55242,10.661073,-8.305214,-7.9529657,2.1852179,-9.7204485,-1.406023,3.118339,0.8521824,-5.4796762,-1.6250291,-0.5630512,1.1400099,-0.6919074,11.424813,-5.188701,7.7061872,9.759831,2.5948858,8.794829,9.343587,2.813117,3.7404203,4.015647,5.1409187,6.150985,6.0968733,6.304819,5.3733835,-4.4757576,-12.24485,8.872589,4.4318924,-3.806569,-2.09159,7.0958624,-8.971379,4.129221,9.343587,-8.971379,3.118339,3.3496542,1.2127533,-1.3917487,11.508063,-5.697908,12.760596,9.92633,1.6492167,13.771478,-1.9782858,-0.096634865,17.737244,-7.555973,2.085679,10.972114,0.10294056,-9.989792,16.337563,4.848138,-10.13528,4.9845824,1.6014242,4.995432,7.161866],
	"uvs": [[0.25735295,0.92,0.6617647,0.84,0.85294116,0.84,0.6617647,0.46,0.85294116,0.46,0.13235295,0.23,0.38235295,0.23,0.25,0.07,0.45588234,0.38,0.47058824,0.3,0.05147059,0.85,0.6764706,0.34,0.05882353,0.38,0.04411765,0.3,0.8308824,0.34,0.13970588,0.3,0.375,0.3,0.40441176,0.78,0.4632353,0.85,0.11029412,0.78,0.04411765,0.46,0.47058824,0.46,0.75735295,0.92,0,0,0,0,0,0,0,0,0,0,0,0,0.75,0.07,0.9558824,0.38,0.9705882,0.3,0.5514706,0.85,0,0,0.5588235,0.38,0.5441176,0.3,0,0,0,0,0,0,0,0,0.9632353,0.85,0,0,0.5441176,0.46,0.9705882,0.46]],
	"faces": [10,0,2,1,0,22,2,1,10,2,4,3,0,2,4,3,10,5,7,6,0,5,7,6,10,6,9,8,0,6,9,8,10,10,0,1,0,32,22,1,10,11,13,12,0,11,35,34,10,13,5,12,0,13,5,12,10,11,4,14,0,11,4,14,10,6,16,15,0,6,16,15,10,9,14,8,0,31,14,30,10,15,16,17,0,15,16,17,10,7,14,9,0,29,14,31,10,2,0,18,0,2,22,40,10,19,20,15,0,19,20,15,10,19,0,10,0,19,0,10,10,8,16,6,0,8,16,6,10,15,17,19,0,15,17,19,10,21,17,16,0,21,17,16,10,20,1,3,0,42,1,3,10,21,2,18,0,43,2,40,10,20,11,12,0,42,11,34,10,6,15,5,0,6,15,5,10,19,17,0,0,19,17,0,10,18,0,17,0,18,0,17,10,13,7,5,0,13,7,5,10,2,3,1,0,2,3,1,10,14,4,21,0,14,4,43,10,21,16,8,0,21,16,8,10,20,3,11,0,42,3,11,10,3,4,11,0,3,4,11,10,14,21,8,0,14,43,30,10,15,20,12,0,15,20,12,10,6,7,9,0,6,7,9,10,18,17,21,0,18,17,21,10,10,1,20,0,32,1,42,10,10,20,19,0,10,20,19,10,14,7,11,0,14,29,11,10,4,2,21,0,4,2,43,10,11,7,13,0,11,29,35,10,15,12,5,0,15,12,5]
}
